application_id,score,pd,decision,sabab
AP002161,344,0.3153,defolt,Отказ (скор 344). Основные факторы: PTI (платёж/доход): -68 баллов; DTI (долг/доход): -33 баллов; Сумма/Доход: -18 баллов
AP002162,509,0.0445,toladi,Одобрено (скор 509). Положительные факторы: Стаж работы (мес): +26 баллов; Возраст: +24 баллов; Тип занятости: +13 баллов
AP002163,430,0.1221,defolt,Отказ (скор 430). Основные факторы: Стаж работы (мес): -26 баллов; Возраст: -19 баллов; Медианный доход: -14 баллов
AP002164,528,0.0346,toladi,Одобрено (скор 528). Положительные факторы: Стаж работы (мес): +19 баллов; DTI (долг/доход): +17 баллов; PTI (платёж/доход): +13 баллов
AP002165,367,0.2505,defolt,Отказ (скор 367). Основные факторы: Макс. просрочка (дн): -40 баллов; DTI (долг/доход): -36 баллов; PTI (платёж/доход): -28 баллов
AP002166,509,0.0442,toladi,Одобрено (скор 509). Положительные факторы: DTI (долг/доход): +17 баллов; Возраст: +16 баллов; PTI (платёж/доход): +10 баллов
AP002167,475,0.0693,toladi,Одобрено (скор 475). Положительные факторы: DTI (долг/доход): +17 баллов; PTI (платёж/доход): +12 баллов; Тип занятости: +11 баллов
AP002168,505,0.0465,toladi,Одобрено (скор 505). Положительные факторы: DTI (долг/доход): +17 баллов; Стаж работы (мес): +11 баллов; PTI (платёж/доход): +11 баллов
AP002169,478,0.0664,toladi,Одобрено (скор 478). Положительные факторы: Стаж работы (мес): +24 баллов; DTI (долг/доход): +17 баллов; PTI (платёж/доход): +14 баллов
AP002170,518,0.0394,toladi,Одобрено (скор 518). Положительные факторы: Возраст: +20 баллов; DTI (долг/доход): +17 баллов; PTI (платёж/доход): +13 баллов
AP002171,409,0.1571,defolt,Отказ (скор 409). Основные факторы: DTI (долг/доход): -49 баллов; PTI (платёж/доход): -36 баллов
AP002172,547,0.0265,toladi,Одобрено (скор 547). Положительные факторы: Стаж работы (мес): +27 баллов; DTI (долг/доход): +15 баллов; PTI (платёж/доход): +14 баллов
AP002173,438,0.1111,defolt,Отказ (скор 438). Основные факторы: Стаж работы (мес): -18 баллов; Возраст: -10 баллов; Сумма/Доход: -8 баллов
AP002174,198,0.7763,defolt,Отказ (скор 198). Основные факторы: DTI (долг/доход): -138 баллов; PTI (платёж/доход): -79 баллов; Макс. просрочка (дн): -40 баллов
AP002175,500,0.0499,toladi,Одобрено (скор 500). Положительные факторы: DTI (долг/доход): +17 баллов; PTI (платёж/доход): +16 баллов; Тип занятости: +13 баллов
AP002176,483,0.0627,toladi,Одобрено (скор 483). Положительные факторы: Тип занятости: +11 баллов; Срок кредита (мес): +11 баллов; Стаж работы (мес): +8 баллов
AP002177,485,0.0612,toladi,Одобрено (скор 485). Положительные факторы: DTI (долг/доход): +17 баллов; PTI (платёж/доход): +11 баллов; Стаж работы (мес): +10 баллов
AP002178,546,0.027,toladi,Одобрено (скор 546). Положительные факторы: Стаж работы (мес): +26 баллов; DTI (долг/доход): +17 баллов; PTI (платёж/доход): +15 баллов
AP002179,371,0.2399,defolt,Отказ (скор 371). Основные факторы: DTI (долг/доход): -92 баллов; PTI (платёж/доход): -55 баллов
AP002180,482,0.0633,toladi,Одобрено (скор 482). Положительные факторы: DTI (долг/доход): +17 баллов; PTI (платёж/доход): +16 баллов; Возраст: +12 баллов
AP002181,505,0.0466,toladi,Одобрено (скор 505). Положительные факторы: DTI (долг/доход): +17 баллов; PTI (платёж/доход): +10 баллов; Стаж работы (мес): +8 баллов
AP002182,522,0.0375,toladi,Одобрено (скор 522). Положительные факторы: DTI (долг/доход): +17 баллов; Возраст: +15 баллов; PTI (платёж/доход): +15 баллов
AP002183,216,0.7303,defolt,Отказ (скор 216). Основные факторы: DTI (долг/доход): -138 баллов; PTI (платёж/доход): -79 баллов; Макс. просрочка (дн): -40 баллов
AP002184,563,0.0215,toladi,Одобрено (скор 563). Положительные факторы: Медианный доход: +31 баллов; Стаж работы (мес): +28 баллов; PTI (платёж/доход): +17 баллов
AP002185,561,0.0221,toladi,Одобрено (скор 561). Положительные факторы: Медианный доход: +61 баллов; Стаж работы (мес): +26 баллов; PTI (платёж/доход): +14 баллов
AP002186,512,0.0428,toladi,Одобрено (скор 512). Положительные факторы: Стаж работы (мес): +19 баллов; Тип занятости: +13 баллов; Возраст: +13 баллов
AP002187,468,0.076,toladi,Одобрено (скор 468). Положительные факторы: DTI (долг/доход): +17 баллов; PTI (платёж/доход): +12 баллов
AP002188,578,0.0176,toladi,Одобрено (скор 578). Положительные факторы: Медианный доход: +29 баллов; DTI (долг/доход): +17 баллов; Срок кредита (мес): +15 баллов
AP002189,458,0.0866,toladi,Одобрено (скор 458). Положительные факторы: Срок кредита (мес): +15 баллов; Тип занятости: +11 баллов; Стаж работы (мес): +9 баллов
AP002190,527,0.0351,toladi,Одобрено (скор 527). Положительные факторы: Срок кредита (мес): +15 баллов; DTI (долг/доход): +13 баллов; Тип занятости: +13 баллов
AP002191,551,0.0252,toladi,Одобрено (скор 551). Положительные факторы: Возраст: +19 баллов; DTI (долг/доход): +17 баллов; PTI (платёж/доход): +15 баллов
AP002192,510,0.044,toladi,Одобрено (скор 510). Положительные факторы: Медианный доход: +47 баллов; Тип занятости: +11 баллов; Срок кредита (мес): +11 баллов
AP002193,500,0.0498,toladi,Одобрено (скор 500). Положительные факторы: DTI (долг/доход): +14 баллов; PTI (платёж/доход): +14 баллов; Медианный доход: +11 баллов
AP002194,525,0.0361,toladi,Одобрено (скор 525). Положительные факторы: DTI (долг/доход): +17 баллов; PTI (платёж/доход): +15 баллов; Тип занятости: +11 баллов
AP002195,557,0.0233,toladi,Одобрено (скор 557). Положительные факторы: Медианный доход: +25 баллов; Срок кредита (мес): +15 баллов; PTI (платёж/доход): +12 баллов
AP002196,466,0.0777,toladi,Одобрено (скор 466). Положительные факторы: DTI (долг/доход): +17 баллов; Тип занятости: +11 баллов; Нестабильность дохода (CV): +8 баллов
AP002197,433,0.1181,defolt,Отказ (скор 433). Основные факторы: Стаж работы (мес): -22 баллов; Срок кредита (мес): -22 баллов; DTI (долг/доход): -18 баллов
AP002198,451,0.0936,toladi,Одобрено (скор 451). Положительные факторы: PTI (платёж/доход): +15 баллов; DTI (долг/доход): +15 баллов; Тип занятости: +11 баллов
AP002199,489,0.0577,toladi,Одобрено (скор 489). Положительные факторы: DTI (долг/доход): +17 баллов; PTI (платёж/доход): +12 баллов; Тип занятости: +11 баллов
AP002200,523,0.0369,toladi,Одобрено (скор 523). Положительные факторы: DTI (долг/доход): +13 баллов; PTI (платёж/доход): +13 баллов; Возраст: +12 баллов
AP002201,532,0.0327,toladi,Одобрено (скор 532). Положительные факторы: Медианный доход: +39 баллов; Стаж работы (мес): +26 баллов; Возраст: +23 баллов
AP002202,495,0.0534,toladi,Одобрено (скор 495). Положительные факторы: DTI (долг/доход): +17 баллов; Тип занятости: +11 баллов; Срок кредита (мес): +11 баллов
AP002203,441,0.1068,defolt,Отказ (скор 441). Основные факторы: DTI (долг/доход): -45 баллов; PTI (платёж/доход): -32 баллов; Медианный доход: -11 баллов
AP002204,534,0.0318,toladi,Одобрено (скор 534). Положительные факторы: DTI (долг/доход): +17 баллов; PTI (платёж/доход): +13 баллов; Возраст: +12 баллов
AP002205,525,0.0357,toladi,Одобрено (скор 525). Положительные факторы: Стаж работы (мес): +20 баллов; DTI (долг/доход): +17 баллов; Возраст: +16 баллов
AP002206,366,0.2515,defolt,Отказ (скор 366). Основные факторы: DTI (долг/доход): -76 баллов; PTI (платёж/доход): -44 баллов; Образование: -7 баллов
AP002207,529,0.0341,toladi,Одобрено (скор 529). Положительные факторы: Стаж работы (мес): +23 баллов; Возраст: +18 баллов; DTI (долг/доход): +17 баллов
AP002208,532,0.0328,toladi,Одобрено (скор 532). Положительные факторы: Медианный доход: +52 баллов; PTI (платёж/доход): +13 баллов; Тип занятости: +11 баллов
AP002209,468,0.0757,toladi,Одобрено (скор 468). Положительные факторы: DTI (долг/доход): +17 баллов; Срок кредита (мес): +15 баллов
AP002210,216,0.7309,defolt,Отказ (скор 216). Основные факторы: Тип занятости: -190 баллов; Стаж работы (мес): -28 баллов; DTI (долг/доход): -22 баллов
AP002211,537,0.0305,toladi,Одобрено (скор 537). Положительные факторы: Медианный доход: +49 баллов; Тип занятости: +13 баллов; PTI (платёж/доход): +12 баллов
AP002212,448,0.0975,defolt,Отказ (скор 448). Основные факторы: Сумма/Доход: -36 баллов; PTI (платёж/доход): -30 баллов; Возраст: -15 баллов
AP002213,510,0.0438,toladi,Одобрено (скор 510). Положительные факторы: DTI (долг/доход): +17 баллов; PTI (платёж/доход): +13 баллов; Тип занятости: +11 баллов
AP002214,445,0.1011,defolt,Отказ (скор 445). Основные факторы: Макс. просрочка (дн): -40 баллов; PTI (платёж/доход): -16 баллов; Медианный доход: -13 баллов
AP002215,613,0.0109,toladi,Одобрено (скор 613). Положительные факторы: Медианный доход: +62 баллов; DTI (долг/доход): +17 баллов; PTI (платёж/доход): +17 баллов
AP002216,501,0.0496,toladi,Одобрено (скор 501). Положительные факторы: DTI (долг/доход): +17 баллов; PTI (платёж/доход): +16 баллов; Тип занятости: +13 баллов
AP002217,373,0.2353,defolt,Отказ (скор 373). Основные факторы: Возраст: -24 баллов; Медианный доход: -19 баллов; Стаж работы (мес): -17 баллов
AP002218,541,0.029,toladi,Одобрено (скор 541). Положительные факторы: Возраст: +20 баллов; DTI (долг/доход): +17 баллов; PTI (платёж/доход): +15 баллов
AP002219,518,0.0396,toladi,Одобрено (скор 518). Положительные факторы: Стаж работы (мес): +24 баллов; Тип занятости: +11 баллов; Срок кредита (мес): +11 баллов
AP002220,366,0.2523,defolt,Отказ (скор 366). Основные факторы: DTI (долг/доход): -38 баллов; PTI (платёж/доход): -24 баллов; Медианный доход: -19 баллов
AP002221,489,0.0576,toladi,Одобрено (скор 489). Положительные факторы: Стаж работы (мес): +19 баллов; Срок кредита (мес): +11 баллов
AP002222,518,0.0393,toladi,Одобрено (скор 518). Положительные факторы: Возраст: +20 баллов; Срок кредита (мес): +15 баллов; DTI (долг/доход): +8 баллов
AP002223,427,0.1263,defolt,Отказ (скор 427). Основные факторы: PTI (платёж/доход): -34 баллов; DTI (долг/доход): -31 баллов; Медианный доход: -9 баллов
AP002224,503,0.0479,toladi,Одобрено (скор 503). Положительные факторы: Тип занятости: +13 баллов; DTI (долг/доход): +13 баллов; PTI (платёж/доход): +13 баллов
AP002225,492,0.0555,toladi,Одобрено (скор 492). Положительные факторы: Возраст: +13 баллов; Тип занятости: +11 баллов; Срок кредита (мес): +11 баллов
AP002226,580,0.0171,toladi,Одобрено (скор 580). Положительные факторы: Стаж работы (мес): +23 баллов; Возраст: +20 баллов; DTI (долг/доход): +15 баллов
AP002227,525,0.0359,toladi,Одобрено (скор 525). Положительные факторы: Медианный доход: +27 баллов; DTI (долг/доход): +17 баллов; PTI (платёж/доход): +15 баллов
AP002228,415,0.1454,defolt,Отказ (скор 415). Основные факторы: DTI (долг/доход): -29 баллов; Срок кредита (мес): -22 баллов; PTI (платёж/доход): -14 баллов
AP002229,248,0.6346,defolt,Отказ (скор 248). Основные факторы: Тип занятости: -190 баллов; Стаж работы (мес): -28 баллов; Нестабильность дохода (CV): -17 баллов
AP002230,476,0.0687,toladi,Одобрено (скор 476). Положительные факторы: Медианный доход: +41 баллов; PTI (платёж/доход): +14 баллов
AP002231,514,0.0416,toladi,Одобрено (скор 514). Положительные факторы: DTI (долг/доход): +17 баллов; PTI (платёж/доход): +16 баллов; Тип занятости: +13 баллов
AP002232,432,0.1191,defolt,Отказ (скор 432). Основные факторы: Срок кредита (мес): -22 баллов; Сумма/Доход: -22 баллов; Медианный доход: -13 баллов
AP002233,550,0.0258,toladi,Одобрено (скор 550). Положительные факторы: Возраст: +24 баллов; Стаж работы (мес): +21 баллов; DTI (долг/доход): +17 баллов
AP002234,395,0.184,defolt,Отказ (скор 395). Основные факторы: DTI (долг/доход): -39 баллов; PTI (платёж/доход): -28 баллов; Стаж работы (мес): -20 баллов
AP002235,513,0.0419,toladi,Одобрено (скор 513). Положительные факторы: Медианный доход: +26 баллов; DTI (долг/доход): +17 баллов; Срок кредита (мес): +15 баллов
AP002236,484,0.0614,toladi,Одобрено (скор 484). Положительные факторы: DTI (долг/доход): +17 баллов; Тип занятости: +13 баллов; PTI (платёж/доход): +12 баллов
AP002237,525,0.0358,toladi,Одобрено (скор 525). Положительные факторы: Возраст: +24 баллов; DTI (долг/доход): +17 баллов; PTI (платёж/доход): +16 баллов
AP002238,451,0.0943,toladi,Одобрено (скор 451). Положительные факторы: Стаж работы (мес): +20 баллов; Медианный доход: +13 баллов
AP002239,454,0.0908,toladi,Одобрено (скор 454). Положительные факторы: Стаж работы (мес): +21 баллов
AP002240,506,0.046,toladi,Одобрено (скор 506). Положительные факторы: Возраст: +18 баллов; DTI (долг/доход): +17 баллов; PTI (платёж/доход): +16 баллов
AP002241,471,0.0727,toladi,Одобрено (скор 471). Положительные факторы: PTI (платёж/доход): +17 баллов; DTI (долг/доход): +17 баллов; Тип занятости: +11 баллов
AP002242,439,0.1098,defolt,Отказ (скор 439). Основные факторы: Возраст: -23 баллов; Срок кредита (мес): -22 баллов; Стаж работы (мес): -19 баллов
AP002243,392,0.1897,defolt,Отказ (скор 392). Основные факторы: PTI (платёж/доход): -74 баллов; Сумма/Доход: -36 баллов; Медианный доход: -22 баллов
AP002244,432,0.1195,defolt,Отказ (скор 432). Основные факторы: DTI (долг/доход): -32 баллов; PTI (платёж/доход): -29 баллов; Медианный доход: -14 баллов
AP002245,516,0.0405,toladi,Одобрено (скор 516). Положительные факторы: Возраст: +19 баллов; Медианный доход: +12 баллов; Тип занятости: +11 баллов
AP002246,262,0.5871,defolt,Отказ (скор 262). Основные факторы: DTI (долг/доход): -138 баллов; PTI (платёж/доход): -79 баллов; Стаж работы (мес): -23 баллов
AP002247,230,0.6884,defolt,Отказ (скор 230). Основные факторы: DTI (долг/доход): -122 баллов; PTI (платёж/доход): -79 баллов; Сумма/Доход: -36 баллов
AP002248,532,0.0325,toladi,Одобрено (скор 532). Положительные факторы: Стаж работы (мес): +19 баллов; DTI (долг/доход): +17 баллов; PTI (платёж/доход): +17 баллов
AP002249,441,0.1071,defolt,Отказ (скор 441). Основные факторы: Сумма/Доход: -20 баллов; Стаж работы (мес): -14 баллов; Медианный доход: -12 баллов
AP002250,531,0.0331,toladi,Одобрено (скор 531). Положительные факторы: Возраст: +24 баллов; DTI (долг/доход): +17 баллов; Тип занятости: +13 баллов
AP002251,377,0.2247,defolt,Отказ (скор 377). Основные факторы: DTI (долг/доход): -31 баллов; Возраст: -23 баллов; PTI (платёж/доход): -19 баллов
AP002252,515,0.041,toladi,Одобрено (скор 515). Положительные факторы: Медианный доход: +19 баллов; DTI (долг/доход): +16 баллов; PTI (платёж/доход): +16 баллов
AP002253,465,0.0789,toladi,Одобрено (скор 465). Положительные факторы: Стаж работы (мес): +23 баллов; Срок кредита (мес): +15 баллов
AP002254,517,0.04,toladi,Одобрено (скор 517). Положительные факторы: Возраст: +18 баллов; Стаж работы (мес): +16 баллов; PTI (платёж/доход): +12 баллов
AP002255,537,0.0306,toladi,Одобрено (скор 537). Положительные факторы: DTI (долг/доход): +17 баллов; PTI (платёж/доход): +16 баллов; Стаж работы (мес): +13 баллов
AP002256,477,0.0677,toladi,Одобрено (скор 477). Положительные факторы: DTI (долг/доход): +17 баллов; PTI (платёж/доход): +15 баллов
AP002257,429,0.1232,defolt,Отказ (скор 429). Основные факторы: Макс. просрочка (дн): -17 баллов; Нестабильность дохода (CV): -15 баллов; DTI (долг/доход): -14 баллов
AP002258,576,0.018,toladi,Одобрено (скор 576). Положительные факторы: Медианный доход: +62 баллов; PTI (платёж/доход): +16 баллов; DTI (долг/доход): +16 баллов
AP002259,495,0.0533,toladi,Одобрено (скор 495). Положительные факторы: DTI (долг/доход): +17 баллов; PTI (платёж/доход): +15 баллов; Медианный доход: +7 баллов
AP002260,449,0.0961,defolt,Отказ (скор 449). Основные факторы: Нестабильность дохода (CV): -18 баллов; Стаж работы (мес): -14 баллов; DTI (долг/доход): -8 баллов
AP002261,508,0.0452,toladi,Одобрено (скор 508). Положительные факторы: Медианный доход: +20 баллов; PTI (платёж/доход): +14 баллов; Тип занятости: +13 баллов
AP002262,449,0.0966,defolt,Отказ (скор 449). Основные факторы: Стаж работы (мес): -19 баллов; Возраст: -15 баллов; Медианный доход: -11 баллов
AP002263,590,0.0149,toladi,Одобрено (скор 590). Положительные факторы: Медианный доход: +44 баллов; DTI (долг/доход): +17 баллов; Стаж работы (мес): +17 баллов
AP002264,539,0.0298,toladi,Одобрено (скор 539). Положительные факторы: DTI (долг/доход): +17 баллов; PTI (платёж/доход): +14 баллов; Стаж работы (мес): +11 баллов
AP002265,411,0.1533,defolt,Отказ (скор 411). Основные факторы: Срок кредита (мес): -22 баллов; Стаж работы (мес): -18 баллов; Возраст: -17 баллов
AP002266,417,0.1429,defolt,Отказ (скор 417). Основные факторы: DTI (долг/доход): -24 баллов; Стаж работы (мес): -23 баллов; Медианный доход: -17 баллов
AP002267,447,0.0988,defolt,Отказ (скор 447). Основные факторы: Срок кредита (мес): -22 баллов; DTI (долг/доход): -14 баллов; Медианный доход: -13 баллов
AP002268,484,0.0613,toladi,Одобрено (скор 484). Положительные факторы: DTI (долг/доход): +17 баллов; PTI (платёж/доход): +15 баллов; Тип занятости: +13 баллов
AP002269,528,0.0343,toladi,Одобрено (скор 528). Положительные факторы: Медианный доход: +52 баллов; Срок кредита (мес): +15 баллов; DTI (долг/доход): +14 баллов
AP002270,388,0.1982,defolt,Отказ (скор 388). Основные факторы: DTI (долг/доход): -54 баллов; PTI (платёж/доход): -36 баллов; Сумма/Доход: -10 баллов
AP002271,549,0.0258,toladi,Одобрено (скор 549). Положительные факторы: Стаж работы (мес): +24 баллов; Медианный доход: +19 баллов; DTI (долг/доход): +17 баллов
AP002272,554,0.0244,toladi,Одобрено (скор 554). Положительные факторы: DTI (долг/доход): +17 баллов; Стаж работы (мес): +15 баллов; Срок кредита (мес): +15 баллов
AP002273,500,0.0501,toladi,Одобрено (скор 500). Положительные факторы: Срок кредита (мес): +15 баллов; DTI (долг/доход): +8 баллов; Нестабильность дохода (CV): +7 баллов
AP002274,419,0.1395,defolt,Отказ (скор 419). Основные факторы: Срок кредита (мес): -22 баллов; Возраст: -18 баллов; Стаж работы (мес): -17 баллов
AP002275,421,0.1352,defolt,Отказ (скор 421). Основные факторы: Срок кредита (мес): -22 баллов; Возраст: -17 баллов; DTI (долг/доход): -14 баллов
AP002276,435,0.1147,defolt,Отказ (скор 435). Основные факторы: Возраст: -17 баллов; Медианный доход: -15 баллов; PTI (платёж/доход): -15 баллов
AP002277,494,0.0539,toladi,Одобрено (скор 494). Положительные факторы: DTI (долг/доход): +17 баллов; PTI (платёж/доход): +16 баллов; Нестабильность дохода (CV): +8 баллов
AP002278,590,0.0149,toladi,Одобрено (скор 590). Положительные факторы: Медианный доход: +38 баллов; Возраст: +23 баллов; Тип занятости: +13 баллов
AP002279,247,0.6367,defolt,Отказ (скор 247). Основные факторы: Тип занятости: -190 баллов; Стаж работы (мес): -28 баллов; Возраст: -22 баллов
AP002280,469,0.0746,toladi,Одобрено (скор 469). Положительные факторы: DTI (долг/доход): +17 баллов; Срок кредита (мес): +11 баллов; PTI (платёж/доход): +10 баллов
AP002281,436,0.1137,defolt,Отказ (скор 436). Основные факторы: Медианный доход: -21 баллов; Стаж работы (мес): -17 баллов; Сумма/Доход: -16 баллов
AP002282,497,0.0519,toladi,Одобрено (скор 497). Положительные факторы: Медианный доход: +17 баллов; DTI (долг/доход): +17 баллов; PTI (платёж/доход): +17 баллов
AP002283,435,0.1148,defolt,Отказ (скор 435). Основные факторы: DTI (долг/доход): -38 баллов; PTI (платёж/доход): -35 баллов; Медианный доход: -14 баллов
AP002284,519,0.039,toladi,Одобрено (скор 519). Положительные факторы: Стаж работы (мес): +23 баллов; Медианный доход: +21 баллов; DTI (долг/доход): +17 баллов
AP002285,483,0.0625,toladi,Одобрено (скор 483). Положительные факторы: Тип занятости: +11 баллов; Срок кредита (мес): +11 баллов; Стаж работы (мес): +10 баллов
AP002286,415,0.1457,defolt,Отказ (скор 415). Основные факторы: DTI (долг/доход): -38 баллов; PTI (платёж/доход): -20 баллов; Макс. просрочка (дн): -17 баллов
AP002287,263,0.5858,defolt,Отказ (скор 263). Основные факторы: Тип занятости: -190 баллов; Стаж работы (мес): -28 баллов; Возраст: -15 баллов
AP002288,259,0.5978,defolt,Отказ (скор 259). Основные факторы: Тип занятости: -190 баллов; Стаж работы (мес): -28 баллов; Возраст: -17 баллов
AP002289,504,0.0473,toladi,Одобрено (скор 504). Положительные факторы: PTI (платёж/доход): +14 баллов; Тип занятости: +13 баллов; Возраст: +13 баллов
AP002290,520,0.0383,toladi,Одобрено (скор 520). Положительные факторы: Возраст: +23 баллов; Стаж работы (мес): +23 баллов; DTI (долг/доход): +17 баллов
AP002291,462,0.0816,toladi,Одобрено (скор 462). Положительные факторы: Срок кредита (мес): +15 баллов; Стаж работы (мес): +11 баллов
AP002292,515,0.0412,toladi,Одобрено (скор 515). Положительные факторы: Медианный доход: +18 баллов; DTI (долг/доход): +17 баллов; Срок кредита (мес): +15 баллов
AP002293,506,0.046,toladi,Одобрено (скор 506). Положительные факторы: Стаж работы (мес): +18 баллов; Тип занятости: +11 баллов; Срок кредита (мес): +11 баллов
AP002294,494,0.0538,toladi,Одобрено (скор 494). Положительные факторы: DTI (долг/доход): +17 баллов; PTI (платёж/доход): +16 баллов; Тип занятости: +11 баллов
AP002295,497,0.0517,toladi,Одобрено (скор 497). Положительные факторы: Стаж работы (мес): +17 баллов; Тип занятости: +11 баллов; Срок кредита (мес): +11 баллов
AP002296,519,0.0388,toladi,Одобрено (скор 519). Положительные факторы: DTI (долг/доход): +17 баллов; PTI (платёж/доход): +13 баллов; Тип занятости: +11 баллов
AP002297,430,0.1218,defolt,Отказ (скор 430). Основные факторы: Возраст: -23 баллов; Стаж работы (мес): -20 баллов; Медианный доход: -20 баллов
AP002298,540,0.0293,toladi,Одобрено (скор 540). Положительные факторы: Возраст: +21 баллов; DTI (долг/доход): +17 баллов; Стаж работы (мес): +16 баллов
AP002299,400,0.1744,defolt,Отказ (скор 400). Основные факторы: Макс. просрочка (дн): -40 баллов; Возраст: -20 баллов; Стаж работы (мес): -10 баллов
AP002300,455,0.0895,toladi,Одобрено (скор 455). Положительные факторы: Тип занятости: +11 баллов; PTI (платёж/доход): +11 баллов
AP002301,471,0.0726,toladi,Одобрено (скор 471). Положительные факторы: DTI (долг/доход): +17 баллов; Возраст: +15 баллов
AP002302,481,0.0643,toladi,Одобрено (скор 481). Положительные факторы: PTI (платёж/доход): +13 баллов; DTI (долг/доход): +12 баллов; Нестабильность дохода (CV): +8 баллов
AP002303,475,0.0696,toladi,Одобрено (скор 475). Положительные факторы: Возраст: +23 баллов; Стаж работы (мес): +12 баллов
AP002304,435,0.1144,defolt,Отказ (скор 435). Основные факторы: Возраст: -18 баллов; Медианный доход: -16 баллов; Нестабильность дохода (CV): -10 баллов
AP002305,490,0.0567,toladi,Одобрено (скор 490). Положительные факторы: DTI (долг/доход): +17 баллов; PTI (платёж/доход): +14 баллов; Образование: +6 баллов
AP002306,223,0.7099,defolt,Отказ (скор 223). Основные факторы: DTI (долг/доход): -137 баллов; PTI (платёж/доход): -79 баллов; Медианный доход: -18 баллов
AP002307,494,0.0539,toladi,Одобрено (скор 494). Положительные факторы: Возраст: +24 баллов; Стаж работы (мес): +17 баллов; Срок кредита (мес): +15 баллов
AP002308,445,0.1013,defolt,Отказ (скор 445). Основные факторы: Макс. просрочка (дн): -40 баллов; Срок кредита (мес): -22 баллов
AP002309,513,0.0421,toladi,Одобрено (скор 513). Положительные факторы: Возраст: +24 баллов; DTI (долг/доход): +17 баллов; PTI (платёж/доход): +16 баллов
AP002310,490,0.0573,toladi,Одобрено (скор 490). Положительные факторы: DTI (долг/доход): +17 баллов; Тип занятости: +13 баллов; Срок кредита (мес): +11 баллов
AP002311,311,0.4201,defolt,Отказ (скор 311). Основные факторы: DTI (долг/доход): -80 баллов; PTI (платёж/доход): -66 баллов; Медианный доход: -17 баллов
AP002312,453,0.0921,toladi,Одобрено (скор 453). Положительные факторы: Возраст: +21 баллов; Нестабильность дохода (CV): +8 баллов
AP002313,449,0.0961,defolt,Отказ (скор 449). Основные факторы: DTI (долг/доход): -37 баллов; PTI (платёж/доход): -20 баллов
AP002314,546,0.0272,toladi,Одобрено (скор 546). Положительные факторы: Возраст: +23 баллов; DTI (долг/доход): +17 баллов; Срок кредита (мес): +15 баллов
AP002315,600,0.0129,toladi,Одобрено (скор 600). Положительные факторы: Медианный доход: +56 баллов; DTI (долг/доход): +17 баллов; Возраст: +16 баллов
AP002316,519,0.0391,toladi,Одобрено (скор 519). Положительные факторы: DTI (долг/доход): +17 баллов; Тип занятости: +11 баллов; Срок кредита (мес): +11 баллов
AP002317,409,0.1561,defolt,Отказ (скор 409). Основные факторы: PTI (платёж/доход): -46 баллов; DTI (долг/доход): -23 баллов; Медианный доход: -20 баллов
AP002318,426,0.1278,defolt,Отказ (скор 426). Основные факторы: Срок кредита (мес): -22 баллов; DTI (долг/доход): -18 баллов; Медианный доход: -17 баллов
AP002319,488,0.0583,toladi,Одобрено (скор 488). Положительные факторы: Стаж работы (мес): +28 баллов; DTI (долг/доход): +17 баллов; PTI (платёж/доход): +15 баллов
AP002320,477,0.0671,toladi,Одобрено (скор 477). Положительные факторы: DTI (долг/доход): +17 баллов; PTI (платёж/доход): +16 баллов; Нестабильность дохода (CV): +7 баллов
AP002321,537,0.0307,toladi,Одобрено (скор 537). Положительные факторы: Тип занятости: +13 баллов; PTI (платёж/доход): +13 баллов; DTI (долг/доход): +10 баллов
AP002322,434,0.1158,defolt,Отказ (скор 434). Основные факторы: Срок кредита (мес): -22 баллов; Стаж работы (мес): -21 баллов; DTI (долг/доход): -7 баллов
AP002323,603,0.0124,toladi,Одобрено (скор 603). Положительные факторы: Медианный доход: +52 баллов; Стаж работы (мес): +17 баллов; DTI (долг/доход): +17 баллов
AP002324,556,0.0238,toladi,Одобрено (скор 556). Положительные факторы: Медианный доход: +30 баллов; DTI (долг/доход): +17 баллов; PTI (платёж/доход): +16 баллов
AP002325,514,0.0415,toladi,Одобрено (скор 514). Положительные факторы: PTI (платёж/доход): +15 баллов; DTI (долг/доход): +14 баллов; Стаж работы (мес): +13 баллов
AP002326,458,0.0866,toladi,Одобрено (скор 458). Положительные факторы: Возраст: +20 баллов; DTI (долг/доход): +12 баллов; Срок кредита (мес): +11 баллов
AP002327,542,0.0286,toladi,Одобрено (скор 542). Положительные факторы: Возраст: +23 баллов; DTI (долг/доход): +17 баллов; PTI (платёж/доход): +15 баллов
AP002328,524,0.0364,toladi,Одобрено (скор 524). Положительные факторы: Медианный доход: +20 баллов; Возраст: +19 баллов; DTI (долг/доход): +12 баллов
AP002329,479,0.0657,toladi,Одобрено (скор 479). Положительные факторы: DTI (долг/доход): +17 баллов; PTI (платёж/доход): +14 баллов; Тип занятости: +11 баллов
AP002330,494,0.0542,toladi,Одобрено (скор 494). Положительные факторы: DTI (долг/доход): +17 баллов; Тип занятости: +11 баллов; Срок кредита (мес): +11 баллов
AP002331,519,0.0389,toladi,Одобрено (скор 519). Положительные факторы: Стаж работы (мес): +16 баллов; PTI (платёж/доход): +13 баллов; Возраст: +13 баллов
AP002332,418,0.141,defolt,Отказ (скор 418). Основные факторы: DTI (долг/доход): -34 баллов; PTI (платёж/доход): -26 баллов; Нестабильность дохода (CV): -17 баллов
AP002333,475,0.0691,toladi,Одобрено (скор 475). Положительные факторы: Стаж работы (мес): +18 баллов; Срок кредита (мес): +11 баллов
AP002334,546,0.0272,toladi,Одобрено (скор 546). Положительные факторы: DTI (долг/доход): +17 баллов; PTI (платёж/доход): +17 баллов; Стаж работы (мес): +16 баллов
AP002335,482,0.0632,toladi,Одобрено (скор 482). Положительные факторы: Тип занятости: +13 баллов; Медианный доход: +10 баллов; Нестабильность дохода (CV): +7 баллов
AP002336,479,0.0655,toladi,Одобрено (скор 479). Положительные факторы: DTI (долг/доход): +12 баллов; Тип занятости: +11 баллов; Срок кредита (мес): +11 баллов
AP002337,434,0.1154,defolt,Отказ (скор 434). Основные факторы: Срок кредита (мес): -22 баллов; Возраст: -20 баллов; Медианный доход: -18 баллов
AP002338,442,0.1051,defolt,Отказ (скор 442). Основные факторы: Возраст: -24 баллов; Стаж работы (мес): -23 баллов; Нестабильность дохода (CV): -15 баллов
AP002339,521,0.0377,toladi,Одобрено (скор 521). Положительные факторы: Стаж работы (мес): +18 баллов; DTI (долг/доход): +17 баллов; PTI (платёж/доход): +16 баллов
AP002340,387,0.2018,defolt,Отказ (скор 387). Основные факторы: DTI (долг/доход): -57 баллов; PTI (платёж/доход): -38 баллов; Медианный доход: -17 баллов
AP002341,469,0.075,toladi,Одобрено (скор 469). Положительные факторы: DTI (долг/доход): +17 баллов; Срок кредита (мес): +15 баллов; Возраст: +10 баллов
AP002342,477,0.0675,toladi,Одобрено (скор 477). Положительные факторы: DTI (долг/доход): +17 баллов; PTI (платёж/доход): +15 баллов
AP002343,607,0.0118,toladi,Одобрено (скор 607). Положительные факторы: Медианный доход: +35 баллов; DTI (долг/доход): +17 баллов; Возраст: +16 баллов
AP002344,508,0.0451,toladi,Одобрено (скор 508). Положительные факторы: DTI (долг/доход): +17 баллов; PTI (платёж/доход): +16 баллов; Стаж работы (мес): +11 баллов
AP002345,475,0.0691,toladi,Одобрено (скор 475). Положительные факторы: Возраст: +23 баллов; PTI (платёж/доход): +8 баллов
AP002346,475,0.069,toladi,Одобрено (скор 475). Положительные факторы: Стаж работы (мес): +15 баллов; Тип занятости: +11 баллов; PTI (платёж/доход): +9 баллов
AP002347,532,0.0328,toladi,Одобрено (скор 532). Положительные факторы: Стаж работы (мес): +24 баллов; DTI (долг/доход): +17 баллов; PTI (платёж/доход): +16 баллов
AP002348,545,0.0274,toladi,Одобрено (скор 545). Положительные факторы: Стаж работы (мес): +19 баллов; Медианный доход: +13 баллов; Тип занятости: +13 баллов
AP002349,428,0.1248,defolt,Отказ (скор 428). Основные факторы: PTI (платёж/доход): -33 баллов; Стаж работы (мес): -26 баллов; Медианный доход: -21 баллов
AP002350,520,0.0381,toladi,Одобрено (скор 520). Положительные факторы: DTI (долг/доход): +17 баллов; PTI (платёж/доход): +15 баллов; Медианный доход: +13 баллов
AP002351,462,0.0821,toladi,Одобрено (скор 462). Положительные факторы: DTI (долг/доход): +17 баллов; Срок кредита (мес): +15 баллов; Тип занятости: +11 баллов
AP002352,478,0.0666,toladi,Одобрено (скор 478). Положительные факторы: DTI (долг/доход): +17 баллов; Срок кредита (мес): +15 баллов
AP002353,515,0.0409,toladi,Одобрено (скор 515). Положительные факторы: Медианный доход: +21 баллов; Тип занятости: +13 баллов; Срок кредита (мес): +11 баллов
AP002354,246,0.641,defolt,Отказ (скор 246). Основные факторы: Тип занятости: -190 баллов; Стаж работы (мес): -28 баллов; Нестабильность дохода (CV): -18 баллов
AP002355,483,0.0624,toladi,Одобрено (скор 483). Положительные факторы: PTI (платёж/доход): +13 баллов; DTI (долг/доход): +13 баллов; Тип занятости: +11 баллов
AP002356,462,0.0821,toladi,Одобрено (скор 462). Положительные факторы: Тип занятости: +11 баллов; Возраст: +8 баллов; Нестабильность дохода (CV): +8 баллов
AP002357,485,0.0609,toladi,Одобрено (скор 485). Положительные факторы: DTI (долг/доход): +17 баллов; PTI (платёж/доход): +16 баллов; Тип занятости: +13 баллов
AP002358,604,0.0122,toladi,Одобрено (скор 604). Положительные факторы: Медианный доход: +62 баллов; Стаж работы (мес): +27 баллов; PTI (платёж/доход): +17 баллов
AP002359,508,0.0447,toladi,Одобрено (скор 508). Положительные факторы: DTI (долг/доход): +17 баллов; PTI (платёж/доход): +15 баллов; Срок кредита (мес): +11 баллов
AP002360,418,0.1403,defolt,Отказ (скор 418). Основные факторы: DTI (долг/доход): -54 баллов; PTI (платёж/доход): -45 баллов; Медианный доход: -18 баллов
AP002361,445,0.1008,defolt,Отказ (скор 445). Основные факторы: PTI (платёж/доход): -24 баллов; Сумма/Доход: -18 баллов; Медианный доход: -16 баллов
AP002362,420,0.1368,defolt,Отказ (скор 420). Основные факторы: Стаж работы (мес): -27 баллов; Возраст: -18 баллов; Нестабильность дохода (CV): -17 баллов
AP002363,398,0.178,defolt,Отказ (скор 398). Основные факторы: DTI (долг/доход): -20 баллов; Нестабильность дохода (CV): -18 баллов; Стаж работы (мес): -18 баллов
AP002364,515,0.041,toladi,Одобрено (скор 515). Положительные факторы: DTI (долг/доход): +17 баллов; Срок кредита (мес): +15 баллов; Тип занятости: +11 баллов
AP002365,524,0.0363,toladi,Одобрено (скор 524). Положительные факторы: PTI (платёж/доход): +17 баллов; DTI (долг/доход): +17 баллов; Возраст: +15 баллов
AP002366,427,0.1267,defolt,Отказ (скор 427). Основные факторы: Срок кредита (мес): -22 баллов; Возраст: -22 баллов; Стаж работы (мес): -20 баллов
AP002367,499,0.0508,toladi,Одобрено (скор 499). Положительные факторы: Возраст: +18 баллов; DTI (долг/доход): +17 баллов; PTI (платёж/доход): +16 баллов
AP002368,483,0.0621,toladi,Одобрено (скор 483). Положительные факторы: DTI (долг/доход): +17 баллов; Срок кредита (мес): +15 баллов; Стаж работы (мес): +13 баллов
AP002369,381,0.2145,defolt,Отказ (скор 381). Основные факторы: DTI (долг/доход): -28 баллов; PTI (платёж/доход): -26 баллов; Сумма/Доход: -26 баллов
AP002370,474,0.07,toladi,Одобрено (скор 474). Положительные факторы: PTI (платёж/доход): +15 баллов; DTI (долг/доход): +15 баллов; Тип занятости: +13 баллов
AP002371,488,0.0587,toladi,Одобрено (скор 488). Положительные факторы: Тип занятости: +11 баллов; Возраст: +8 баллов; Нестабильность дохода (CV): +8 баллов
AP002372,437,0.1124,defolt,Отказ (скор 437). Основные факторы: Срок кредита (мес): -22 баллов; Стаж работы (мес): -16 баллов; Медианный доход: -14 баллов
AP002373,484,0.0613,toladi,Одобрено (скор 484). Положительные факторы: DTI (долг/доход): +17 баллов; Тип занятости: +13 баллов; PTI (платёж/доход): +10 баллов
AP002374,458,0.086,toladi,Одобрено (скор 458). Положительные факторы: Медианный доход: +36 баллов; Возраст: +23 баллов
AP002375,238,0.6668,defolt,Отказ (скор 238). Основные факторы: DTI (долг/доход): -138 баллов; PTI (платёж/доход): -79 баллов; Медианный доход: -20 баллов
AP002376,419,0.14,defolt,Отказ (скор 419). Основные факторы: Возраст: -23 баллов; Нестабильность дохода (CV): -14 баллов; Медианный доход: -9 баллов
AP002377,489,0.058,toladi,Одобрено (скор 489). Положительные факторы: PTI (платёж/доход): +17 баллов; DTI (долг/доход): +17 баллов; Медианный доход: +9 баллов
AP002378,444,0.1023,defolt,Отказ (скор 444). Основные факторы: Стаж работы (мес): -26 баллов; Срок кредита (мес): -22 баллов; Возраст: -22 баллов
AP002379,507,0.0454,toladi,Одобрено (скор 507). Положительные факторы: DTI (долг/доход): +17 баллов; PTI (платёж/доход): +13 баллов; Тип занятости: +11 баллов
AP002380,564,0.0213,toladi,Одобрено (скор 564). Положительные факторы: Стаж работы (мес): +20 баллов; DTI (долг/доход): +17 баллов; Срок кредита (мес): +15 баллов
AP002381,499,0.0506,toladi,Одобрено (скор 499). Положительные факторы: PTI (платёж/доход): +12 баллов; DTI (долг/доход): +11 баллов; Возраст: +7 баллов
AP002382,484,0.0619,toladi,Одобрено (скор 484). Положительные факторы: DTI (долг/доход): +17 баллов; Тип занятости: +13 баллов; Срок кредита (мес): +11 баллов
AP002383,372,0.2361,defolt,Отказ (скор 372). Основные факторы: PTI (платёж/доход): -70 баллов; DTI (долг/доход): -29 баллов; Сумма/Доход: -20 баллов
AP002384,461,0.0828,toladi,Одобрено (скор 461). Положительные факторы: Медианный доход: +12 баллов; Нестабильность дохода (CV): +7 баллов; Образование: +6 баллов
AP002385,523,0.0367,toladi,Одобрено (скор 523). Положительные факторы: Стаж работы (мес): +22 баллов; DTI (долг/доход): +17 баллов; Возраст: +16 баллов
AP002386,492,0.0556,toladi,Одобрено (скор 492). Положительные факторы: Стаж работы (мес): +19 баллов; DTI (долг/доход): +17 баллов; Тип занятости: +11 баллов
AP002387,543,0.0283,toladi,Одобрено (скор 543). Положительные факторы: DTI (долг/доход): +17 баллов; Срок кредита (мес): +15 баллов; Тип занятости: +13 баллов
AP002388,495,0.0535,toladi,Одобрено (скор 495). Положительные факторы: Стаж работы (мес): +20 баллов; Срок кредита (мес): +15 баллов; Сумма/Доход: +7 баллов
AP002389,538,0.0301,toladi,Одобрено (скор 538). Положительные факторы: Стаж работы (мес): +19 баллов; DTI (долг/доход): +17 баллов; Срок кредита (мес): +15 баллов
AP002390,504,0.0474,toladi,Одобрено (скор 504). Положительные факторы: PTI (платёж/доход): +13 баллов; DTI (долг/доход): +13 баллов; Тип занятости: +11 баллов
AP002391,534,0.0317,toladi,Одобрено (скор 534). Положительные факторы: Медианный доход: +17 баллов; DTI (долг/доход): +15 баллов; PTI (платёж/доход): +12 баллов
AP002392,558,0.0229,toladi,Одобрено (скор 558). Положительные факторы: Возраст: +22 баллов; DTI (долг/доход): +17 баллов; PTI (платёж/доход): +16 баллов
AP002393,499,0.0505,toladi,Одобрено (скор 499). Положительные факторы: DTI (долг/доход): +17 баллов; PTI (платёж/доход): +14 баллов; Медианный доход: +14 баллов
AP002394,519,0.0388,toladi,Одобрено (скор 519). Положительные факторы: DTI (долг/доход): +17 баллов; PTI (платёж/доход): +16 баллов; Стаж работы (мес): +8 баллов
AP002395,517,0.0402,toladi,Одобрено (скор 517). Положительные факторы: DTI (долг/доход): +17 баллов; Срок кредита (мес): +15 баллов; Возраст: +11 баллов
AP002396,512,0.0428,toladi,Одобрено (скор 512). Положительные факторы: DTI (долг/доход): +17 баллов; PTI (платёж/доход): +17 баллов; Медианный доход: +14 баллов
AP002397,501,0.0494,toladi,Одобрено (скор 501). Положительные факторы: Возраст: +23 баллов; DTI (долг/доход): +17 баллов; PTI (платёж/доход): +16 баллов
AP002398,505,0.0466,toladi,Одобрено (скор 505). Положительные факторы: Стаж работы (мес): +23 баллов; Медианный доход: +8 баллов; Образование: +6 баллов
AP002399,590,0.015,toladi,Одобрено (скор 590). Положительные факторы: Медианный доход: +62 баллов; PTI (платёж/доход): +17 баллов; DTI (долг/доход): +17 баллов
AP002400,488,0.0585,toladi,Одобрено (скор 488). Положительные факторы: Возраст: +23 баллов; Срок кредита (мес): +15 баллов; Тип занятости: +13 баллов
AP002401,492,0.0554,toladi,Одобрено (скор 492). Положительные факторы: DTI (долг/доход): +17 баллов; PTI (платёж/доход): +16 баллов; Возраст: +13 баллов
AP002402,440,0.1082,defolt,Отказ (скор 440). Основные факторы: Возраст: -24 баллов; Стаж работы (мес): -24 баллов; Нестабильность дохода (CV): -12 баллов
AP002403,462,0.0817,toladi,Одобрено (скор 462). Положительные факторы: Возраст: +14 баллов; PTI (платёж/доход): +10 баллов; Нестабильность дохода (CV): +7 баллов
AP002404,529,0.0342,toladi,Одобрено (скор 529). Положительные факторы: Стаж работы (мес): +18 баллов; Медианный доход: +17 баллов; PTI (платёж/доход): +16 баллов
AP002405,504,0.0471,toladi,Одобрено (скор 504). Положительные факторы: DTI (долг/доход): +17 баллов; Возраст: +13 баллов; PTI (платёж/доход): +11 баллов
AP002406,300,0.4578,defolt,Отказ (скор 300). Основные факторы: Тип занятости: -190 баллов; Стаж работы (мес): -28 баллов
AP002407,482,0.063,toladi,Одобрено (скор 482). Положительные факторы: Стаж работы (мес): +24 баллов; Срок кредита (мес): +15 баллов; Тип занятости: +13 баллов
AP002408,237,0.669,defolt,Отказ (скор 237). Основные факторы: Тип занятости: -190 баллов; Стаж работы (мес): -28 баллов; Медианный доход: -10 баллов
AP002409,565,0.021,toladi,Одобрено (скор 565). Положительные факторы: Медианный доход: +27 баллов; DTI (долг/доход): +17 баллов; PTI (платёж/доход): +17 баллов
AP002410,527,0.0348,toladi,Одобрено (скор 527). Положительные факторы: Стаж работы (мес): +28 баллов; DTI (долг/доход): +16 баллов; PTI (платёж/доход): +14 баллов
AP002411,528,0.0346,toladi,Одобрено (скор 528). Положительные факторы: Стаж работы (мес): +24 баллов; Срок кредита (мес): +11 баллов; PTI (платёж/доход): +8 баллов
AP002412,506,0.0462,toladi,Одобрено (скор 506). Положительные факторы: DTI (долг/доход): +17 баллов; PTI (платёж/доход): +11 баллов; Срок кредита (мес): +11 баллов
AP002413,315,0.4048,defolt,Отказ (скор 315). Основные факторы: DTI (долг/доход): -77 баллов; PTI (платёж/доход): -55 баллов; Сумма/Доход: -31 баллов
AP002414,538,0.0303,toladi,Одобрено (скор 538). Положительные факторы: Медианный доход: +34 баллов; DTI (долг/доход): +17 баллов; PTI (платёж/доход): +15 баллов
AP002415,483,0.0625,toladi,Одобрено (скор 483). Положительные факторы: Стаж работы (мес): +20 баллов; Срок кредита (мес): +11 баллов; Сумма/Доход: +6 баллов
AP002416,413,0.1502,defolt,Отказ (скор 413). Основные факторы: PTI (платёж/доход): -47 баллов; Сумма/Доход: -17 баллов; Медианный доход: -17 баллов
AP002417,509,0.0447,toladi,Одобрено (скор 509). Положительные факторы: DTI (долг/доход): +12 баллов; PTI (платёж/доход): +11 баллов; Срок кредита (мес): +11 баллов
AP002418,525,0.0359,toladi,Одобрено (скор 525). Положительные факторы: Медианный доход: +20 баллов; Возраст: +18 баллов; DTI (долг/доход): +17 баллов
AP002419,511,0.0432,toladi,Одобрено (скор 511). Положительные факторы: Тип занятости: +11 баллов; PTI (платёж/доход): +10 баллов; Возраст: +10 баллов
AP002420,368,0.247,defolt,Отказ (скор 368). Основные факторы: PTI (платёж/доход): -42 баллов; DTI (долг/доход): -39 баллов; Стаж работы (мес): -19 баллов
AP002421,520,0.0386,toladi,Одобрено (скор 520). Положительные факторы: Возраст: +19 баллов; DTI (долг/доход): +17 баллов; PTI (платёж/доход): +15 баллов
AP002422,535,0.0313,toladi,Одобрено (скор 535). Положительные факторы: Медианный доход: +30 баллов; DTI (долг/доход): +17 баллов; PTI (платёж/доход): +17 баллов
AP002423,528,0.0346,toladi,Одобрено (скор 528). Положительные факторы: Медианный доход: +37 баллов; PTI (платёж/доход): +17 баллов; DTI (долг/доход): +17 баллов
AP002424,423,0.1321,defolt,Отказ (скор 423). Основные факторы: Срок кредита (мес): -22 баллов; Возраст: -22 баллов; Нестабильность дохода (CV): -14 баллов
AP002425,497,0.0522,toladi,Одобрено (скор 497). Положительные факторы: Медианный доход: +25 баллов; PTI (платёж/доход): +14 баллов; DTI (долг/доход): +12 баллов
AP002426,460,0.0844,toladi,Одобрено (скор 460). Положительные факторы: Тип занятости: +11 баллов; PTI (платёж/доход): +11 баллов; DTI (долг/доход): +8 баллов
AP002427,297,0.4666,defolt,Отказ (скор 297). Основные факторы: Тип занятости: -190 баллов; Стаж работы (мес): -28 баллов
AP002428,512,0.0429,toladi,Одобрено (скор 512). Положительные факторы: Стаж работы (мес): +27 баллов; Возраст: +18 баллов; DTI (долг/доход): +17 баллов
AP002429,261,0.5901,defolt,Отказ (скор 261). Основные факторы: PTI (платёж/доход): -79 баллов; DTI (долг/доход): -59 баллов; Сумма/Доход: -34 баллов
AP002430,327,0.3671,defolt,Отказ (скор 327). Основные факторы: DTI (долг/доход): -76 баллов; PTI (платёж/доход): -43 баллов; Макс. просрочка (дн): -17 баллов
AP002431,512,0.0428,toladi,Одобрено (скор 512). Положительные факторы: Возраст: +19 баллов; DTI (долг/доход): +17 баллов; PTI (платёж/доход): +16 баллов
AP002432,504,0.0474,toladi,Одобрено (скор 504). Положительные факторы: Возраст: +23 баллов; DTI (долг/доход): +17 баллов; PTI (платёж/доход): +16 баллов
AP002433,151,0.8693,defolt,Отказ (скор 151). Основные факторы: Тип занятости: -190 баллов; Стаж работы (мес): -28 баллов; DTI (долг/доход): -26 баллов
AP002434,477,0.0674,toladi,Одобрено (скор 477). Положительные факторы: DTI (долг/доход): +13 баллов; Тип занятости: +11 баллов; Срок кредита (мес): +11 баллов
AP002435,479,0.0656,toladi,Одобрено (скор 479). Положительные факторы: DTI (долг/доход): +17 баллов; Тип занятости: +11 баллов; Срок кредита (мес): +11 баллов
AP002436,495,0.0537,toladi,Одобрено (скор 495). Положительные факторы: Стаж работы (мес): +28 баллов; DTI (долг/доход): +17 баллов
AP002437,605,0.0121,toladi,Одобрено (скор 605). Положительные факторы: Медианный доход: +28 баллов; Возраст: +23 баллов; DTI (долг/доход): +17 баллов
AP002438,478,0.0667,toladi,Одобрено (скор 478). Положительные факторы: Нестабильность дохода (CV): +8 баллов; Медианный доход: +7 баллов; PTI (платёж/доход): +5 баллов
AP002439,388,0.1983,defolt,Отказ (скор 388). Основные факторы: DTI (долг/доход): -56 баллов; PTI (платёж/доход): -43 баллов; Возраст: -24 баллов
AP002440,188,0.7997,defolt,Отказ (скор 188). Основные факторы: DTI (долг/доход): -123 баллов; PTI (платёж/доход): -79 баллов; Возраст: -23 баллов
AP002441,517,0.0399,toladi,Одобрено (скор 517). Положительные факторы: Срок кредита (мес): +15 баллов; DTI (долг/доход): +14 баллов; Возраст: +10 баллов
AP002442,506,0.0461,toladi,Одобрено (скор 506). Положительные факторы: DTI (долг/доход): +17 баллов; PTI (платёж/доход): +16 баллов; Стаж работы (мес): +14 баллов
AP002443,462,0.0817,toladi,Одобрено (скор 462). Положительные факторы: DTI (долг/доход): +17 баллов; PTI (платёж/доход): +14 баллов; Тип занятости: +11 баллов
AP002444,544,0.0278,toladi,Одобрено (скор 544). Положительные факторы: Возраст: +21 баллов; Стаж работы (мес): +17 баллов; PTI (платёж/доход): +13 баллов
AP002445,368,0.2473,defolt,Отказ (скор 368). Основные факторы: DTI (долг/доход): -25 баллов; Стаж работы (мес): -24 баллов; Срок кредита (мес): -22 баллов
AP002446,397,0.1802,defolt,Отказ (скор 397). Основные факторы: Сумма/Доход: -26 баллов; Стаж работы (мес): -24 баллов; Возраст: -20 баллов
AP002447,520,0.0382,toladi,Одобрено (скор 520). Положительные факторы: Стаж работы (мес): +28 баллов; PTI (платёж/доход): +12 баллов; Тип занятости: +11 баллов
AP002448,500,0.0499,toladi,Одобрено (скор 500). Положительные факторы: DTI (долг/доход): +17 баллов; PTI (платёж/доход): +15 баллов; Стаж работы (мес): +13 баллов
AP002449,474,0.0704,toladi,Одобрено (скор 474). Положительные факторы: Возраст: +24 баллов; Срок кредита (мес): +11 баллов
AP002450,502,0.0485,toladi,Одобрено (скор 502). Положительные факторы: Стаж работы (мес): +16 баллов; Срок кредита (мес): +15 баллов; Тип занятости: +11 баллов
AP002451,20,0.976,defolt,Отказ (скор 20). Основные факторы: Тип занятости: -190 баллов; DTI (долг/доход): -100 баллов; PTI (платёж/доход): -57 баллов
AP002452,507,0.0459,toladi,Одобрено (скор 507). Положительные факторы: DTI (долг/доход): +17 баллов; Тип занятости: +13 баллов; Стаж работы (мес): +13 баллов
AP002453,302,0.4504,defolt,Отказ (скор 302). Основные факторы: Тип занятости: -190 баллов; Стаж работы (мес): -28 баллов
AP002454,464,0.08,toladi,Одобрено (скор 464). Положительные факторы: Возраст: +24 баллов; DTI (долг/доход): +17 баллов
AP002455,491,0.0561,toladi,Одобрено (скор 491). Положительные факторы: Стаж работы (мес): +19 баллов; Медианный доход: +16 баллов; Срок кредита (мес): +15 баллов
AP002456,506,0.0461,toladi,Одобрено (скор 506). Положительные факторы: DTI (долг/доход): +17 баллов; Тип занятости: +13 баллов; PTI (платёж/доход): +13 баллов
AP002457,431,0.1205,defolt,Отказ (скор 431). Основные факторы: DTI (долг/доход): -22 баллов; Медианный доход: -19 баллов; Возраст: -15 баллов
AP002458,476,0.0684,toladi,Одобрено (скор 476). Положительные факторы: Срок кредита (мес): +15 баллов; DTI (долг/доход): +14 баллов; Тип занятости: +13 баллов
AP002459,490,0.057,toladi,Одобрено (скор 490). Положительные факторы: Тип занятости: +13 баллов; DTI (долг/доход): +11 баллов; PTI (платёж/доход): +10 баллов
AP002460,496,0.0528,toladi,Одобрено (скор 496). Положительные факторы: DTI (долг/доход): +17 баллов; Срок кредита (мес): +15 баллов; PTI (платёж/доход): +11 баллов
AP002461,549,0.0261,toladi,Одобрено (скор 549). Положительные факторы: Стаж работы (мес): +21 баллов; Возраст: +21 баллов; DTI (долг/доход): +17 баллов
AP002462,554,0.0242,toladi,Одобрено (скор 554). Положительные факторы: Стаж работы (мес): +20 баллов; DTI (долг/доход): +17 баллов; PTI (платёж/доход): +16 баллов
AP002463,251,0.6243,defolt,Отказ (скор 251). Основные факторы: DTI (долг/доход): -138 баллов; PTI (платёж/доход): -79 баллов; Сумма/Доход: -21 баллов
AP002464,559,0.0226,toladi,Одобрено (скор 559). Положительные факторы: Медианный доход: +22 баллов; Стаж работы (мес): +22 баллов; Возраст: +18 баллов
AP002465,493,0.0546,toladi,Одобрено (скор 493). Положительные факторы: Стаж работы (мес): +20 баллов; DTI (долг/доход): +17 баллов; PTI (платёж/доход): +15 баллов
AP002466,471,0.0731,toladi,Одобрено (скор 471). Положительные факторы: DTI (долг/доход): +15 баллов; Тип занятости: +13 баллов; PTI (платёж/доход): +12 баллов
AP002467,504,0.0476,toladi,Одобрено (скор 504). Положительные факторы: DTI (долг/доход): +16 баллов; Стаж работы (мес): +16 баллов; PTI (платёж/доход): +13 баллов
AP002468,523,0.0367,toladi,Одобрено (скор 523). Положительные факторы: Медианный доход: +25 баллов; Стаж работы (мес): +14 баллов; Тип занятости: +13 баллов
AP002469,490,0.0571,toladi,Одобрено (скор 490). Положительные факторы: Стаж работы (мес): +20 баллов; Медианный доход: +13 баллов
AP002470,408,0.1595,defolt,Отказ (скор 408). Основные факторы: Макс. просрочка (дн): -40 баллов; Стаж работы (мес): -18 баллов; Нестабильность дохода (CV): -15 баллов
AP002471,414,0.1478,defolt,Отказ (скор 414). Основные факторы: DTI (долг/доход): -61 баллов; PTI (платёж/доход): -34 баллов; Срок кредита (мес): -22 баллов
AP002472,487,0.0596,toladi,Одобрено (скор 487). Положительные факторы: DTI (долг/доход): +17 баллов; PTI (платёж/доход): +13 баллов; Нестабильность дохода (CV): +7 баллов
AP002473,448,0.0977,defolt,Отказ (скор 448). Основные факторы: DTI (долг/доход): -24 баллов; Медианный доход: -20 баллов; PTI (платёж/доход): -13 баллов
AP002474,475,0.0694,toladi,Одобрено (скор 475). Положительные факторы: DTI (долг/доход): +17 баллов; Срок кредита (мес): +11 баллов
AP002475,466,0.0773,toladi,Одобрено (скор 466). Положительные факторы: Возраст: +22 баллов; DTI (долг/доход): +15 баллов; PTI (платёж/доход): +13 баллов
AP002476,556,0.0235,toladi,Одобрено (скор 556). Положительные факторы: Медианный доход: +24 баллов; DTI (долг/доход): +15 баллов; Стаж работы (мес): +14 баллов
AP002477,494,0.0543,toladi,Одобрено (скор 494). Положительные факторы: DTI (долг/доход): +17 баллов; Тип занятости: +13 баллов; PTI (платёж/доход): +12 баллов
AP002478,476,0.0683,toladi,Одобрено (скор 476). Положительные факторы: Срок кредита (мес): +15 баллов; Тип занятости: +13 баллов; Стаж работы (мес): +10 баллов
AP002479,492,0.0557,toladi,Одобрено (скор 492). Положительные факторы: DTI (долг/доход): +17 баллов; PTI (платёж/доход): +16 баллов; Возраст: +14 баллов
AP002480,291,0.4878,defolt,Отказ (скор 291). Основные факторы: Тип занятости: -190 баллов; Стаж работы (мес): -28 баллов; Возраст: -15 баллов
AP002481,467,0.0764,toladi,Одобрено (скор 467). Положительные факторы: Стаж работы (мес): +13 баллов; Тип занятости: +13 баллов; Нестабильность дохода (CV): +8 баллов
AP002482,390,0.1938,defolt,Отказ (скор 390). Основные факторы: Стаж работы (мес): -27 баллов; Возраст: -24 баллов; Сумма/Доход: -20 баллов
AP002483,549,0.0261,toladi,Одобрено (скор 549). Положительные факторы: DTI (долг/доход): +17 баллов; PTI (платёж/доход): +15 баллов; Стаж работы (мес): +13 баллов
AP002484,460,0.0841,toladi,Одобрено (скор 460). Положительные факторы: DTI (долг/доход): +11 баллов; PTI (платёж/доход): +11 баллов
AP002485,518,0.0393,toladi,Одобрено (скор 518). Положительные факторы: DTI (долг/доход): +17 баллов; PTI (платёж/доход): +11 баллов; Тип занятости: +11 баллов
AP002486,446,0.1006,defolt,Отказ (скор 446). Основные факторы: Срок кредита (мес): -22 баллов; Сумма/Доход: -15 баллов; Медианный доход: -9 баллов
AP002487,482,0.0631,toladi,Одобрено (скор 482). Положительные факторы: DTI (долг/доход): +17 баллов; Возраст: +16 баллов; Срок кредита (мес): +15 баллов
AP002488,435,0.1154,defolt,Отказ (скор 435). Основные факторы: Возраст: -24 баллов; Срок кредита (мес): -22 баллов; Стаж работы (мес): -20 баллов
AP002489,426,0.1279,defolt,Отказ (скор 426). Основные факторы: Срок кредита (мес): -22 баллов; Возраст: -18 баллов; Медианный доход: -12 баллов
AP002490,587,0.0156,toladi,Одобрено (скор 587). Положительные факторы: Стаж работы (мес): +21 баллов; Возраст: +21 баллов; Медианный доход: +18 баллов
AP002491,397,0.1793,defolt,Отказ (скор 397). Основные факторы: Возраст: -22 баллов; Стаж работы (мес): -18 баллов; DTI (долг/доход): -14 баллов
AP002492,495,0.0531,toladi,Одобрено (скор 495). Положительные факторы: DTI (долг/доход): +17 баллов; PTI (платёж/доход): +14 баллов; Образование: +6 баллов
AP002493,475,0.0692,toladi,Одобрено (скор 475). Положительные факторы: Медианный доход: +30 баллов; PTI (платёж/доход): +13 баллов
AP002494,429,0.1233,defolt,Отказ (скор 429). Основные факторы: Сумма/Доход: -15 баллов; Медианный доход: -13 баллов; Нестабильность дохода (CV): -11 баллов
AP002495,585,0.0159,toladi,Одобрено (скор 585). Положительные факторы: Медианный доход: +51 баллов; Срок кредита (мес): +15 баллов; DTI (долг/доход): +14 баллов
AP002496,292,0.4851,defolt,Отказ (скор 292). Основные факторы: DTI (долг/доход): -84 баллов; PTI (платёж/доход): -54 баллов; Возраст: -20 баллов
AP002497,462,0.0822,toladi,Одобрено (скор 462). Положительные факторы: Медианный доход: +28 баллов; PTI (платёж/доход): +10 баллов
AP002498,430,0.1225,defolt,Отказ (скор 430). Основные факторы: Сумма/Доход: -36 баллов; PTI (платёж/доход): -27 баллов; Медианный доход: -22 баллов
AP002499,536,0.0311,toladi,Одобрено (скор 536). Положительные факторы: Возраст: +24 баллов; DTI (долг/доход): +17 баллов; PTI (платёж/доход): +12 баллов
AP002500,466,0.0782,toladi,Одобрено (скор 466). Положительные факторы: DTI (долг/доход): +17 баллов; Тип занятости: +13 баллов
AP002501,479,0.0661,toladi,Одобрено (скор 479). Положительные факторы: Стаж работы (мес): +27 баллов; PTI (платёж/доход): +10 баллов
AP002502,457,0.0869,toladi,Одобрено (скор 457). Положительные факторы: Тип занятости: +11 баллов; Стаж работы (мес): +9 баллов; PTI (платёж/доход): +8 баллов
AP002503,523,0.0368,toladi,Одобрено (скор 523). Положительные факторы: Медианный доход: +29 баллов; Срок кредита (мес): +15 баллов; Нестабильность дохода (CV): +8 баллов
AP002504,552,0.0249,toladi,Одобрено (скор 552). Положительные факторы: Возраст: +18 баллов; DTI (долг/доход): +17 баллов; Срок кредита (мес): +15 баллов
AP002505,434,0.1167,defolt,Отказ (скор 434). Основные факторы: Возраст: -23 баллов; DTI (долг/доход): -10 баллов; Стаж работы (мес): -9 баллов
AP002506,548,0.0264,toladi,Одобрено (скор 548). Положительные факторы: DTI (долг/доход): +17 баллов; Тип занятости: +13 баллов; Стаж работы (мес): +12 баллов
AP002507,503,0.0477,toladi,Одобрено (скор 503). Положительные факторы: Стаж работы (мес): +25 баллов; DTI (долг/доход): +17 баллов; Тип занятости: +11 баллов
AP002508,395,0.1838,defolt,Отказ (скор 395). Основные факторы: DTI (долг/доход): -36 баллов; PTI (платёж/доход): -30 баллов; Стаж работы (мес): -25 баллов
AP002509,540,0.0294,toladi,Одобрено (скор 540). Положительные факторы: Возраст: +23 баллов; Стаж работы (мес): +11 баллов; Тип занятости: +11 баллов
AP002510,522,0.0374,toladi,Одобрено (скор 522). Положительные факторы: Медианный доход: +25 баллов; DTI (долг/доход): +17 баллов; PTI (платёж/доход): +12 баллов
AP002511,470,0.0735,toladi,Одобрено (скор 470). Положительные факторы: DTI (долг/доход): +17 баллов; Тип занятости: +11 баллов; Срок кредита (мес): +11 баллов
AP002512,530,0.0334,toladi,Одобрено (скор 530). Положительные факторы: Стаж работы (мес): +20 баллов; DTI (долг/доход): +17 баллов; Возраст: +16 баллов
AP002513,513,0.0422,toladi,Одобрено (скор 513). Положительные факторы: DTI (долг/доход): +17 баллов; PTI (платёж/доход): +16 баллов; Тип занятости: +13 баллов
AP002514,566,0.0206,toladi,Одобрено (скор 566). Положительные факторы: Медианный доход: +57 баллов; Стаж работы (мес): +16 баллов; PTI (платёж/доход): +14 баллов
AP002515,233,0.6811,defolt,Отказ (скор 233). Основные факторы: Тип занятости: -190 баллов; DTI (долг/доход): -30 баллов; Стаж работы (мес): -28 баллов
AP002516,322,0.3844,defolt,Отказ (скор 322). Основные факторы: DTI (долг/доход): -73 баллов; PTI (платёж/доход): -44 баллов; Стаж работы (мес): -26 баллов
AP002517,462,0.0821,toladi,Одобрено (скор 462). Положительные факторы: DTI (долг/доход): +11 баллов; Тип занятости: +11 баллов; PTI (платёж/доход): +10 баллов
AP002518,462,0.082,toladi,Одобрено (скор 462). Положительные факторы: DTI (долг/доход): +12 баллов; Тип занятости: +11 баллов; Срок кредита (мес): +11 баллов
AP002519,523,0.037,toladi,Одобрено (скор 523). Положительные факторы: DTI (долг/доход): +17 баллов; PTI (платёж/доход): +17 баллов; Медианный доход: +10 баллов
AP002520,516,0.0406,toladi,Одобрено (скор 516). Положительные факторы: Тип занятости: +13 баллов; Срок кредита (мес): +11 баллов; PTI (платёж/доход): +10 баллов
AP002521,551,0.0254,toladi,Одобрено (скор 551). Положительные факторы: Медианный доход: +35 баллов; PTI (платёж/доход): +15 баллов; DTI (долг/доход): +14 баллов
AP002522,500,0.0503,toladi,Одобрено (скор 500). Положительные факторы: Стаж работы (мес): +26 баллов; PTI (платёж/доход): +13 баллов; DTI (долг/доход): +11 баллов
AP002523,448,0.0973,defolt,Отказ (скор 448). Основные факторы: Стаж работы (мес): -19 баллов; Медианный доход: -18 баллов
AP002524,512,0.0428,toladi,Одобрено (скор 512). Положительные факторы: PTI (платёж/доход): +12 баллов; DTI (долг/доход): +12 баллов; Образование: +6 баллов
AP002525,594,0.0141,toladi,Одобрено (скор 594). Положительные факторы: Медианный доход: +30 баллов; Возраст: +22 баллов; DTI (долг/доход): +17 баллов
AP002526,525,0.0361,toladi,Одобрено (скор 525). Положительные факторы: DTI (долг/доход): +17 баллов; PTI (платёж/доход): +15 баллов; Стаж работы (мес): +12 баллов
AP002527,481,0.0639,toladi,Одобрено (скор 481). Положительные факторы: DTI (долг/доход): +17 баллов; Срок кредита (мес): +15 баллов
AP002528,516,0.0402,toladi,Одобрено (скор 516). Положительные факторы: Стаж работы (мес): +25 баллов; Срок кредита (мес): +15 баллов; PTI (платёж/доход): +9 баллов
AP002529,530,0.0333,toladi,Одобрено (скор 530). Положительные факторы: Возраст: +24 баллов; DTI (долг/доход): +17 баллов; Стаж работы (мес): +16 баллов
AP002530,617,0.0103,toladi,Одобрено (скор 617). Положительные факторы: Медианный доход: +62 баллов; Стаж работы (мес): +26 баллов; Возраст: +23 баллов
AP002531,534,0.032,toladi,Одобрено (скор 534). Положительные факторы: DTI (долг/доход): +17 баллов; Возраст: +15 баллов; PTI (платёж/доход): +14 баллов
AP002532,440,0.1079,defolt,Отказ (скор 440). Основные факторы: Возраст: -20 баллов; Медианный доход: -12 баллов; DTI (долг/доход): -9 баллов
AP002533,257,0.6051,defolt,Отказ (скор 257). Основные факторы: DTI (долг/доход): -138 баллов; PTI (платёж/доход): -79 баллов; Срок кредита (мес): -22 баллов
AP002534,415,0.1468,defolt,Отказ (скор 415). Основные факторы: Сумма/Доход: -36 баллов; PTI (платёж/доход): -33 баллов; Медианный доход: -22 баллов
AP002535,460,0.084,toladi,Одобрено (скор 460). Положительные факторы: Возраст: +20 баллов; Стаж работы (мес): +12 баллов; Тип занятости: +11 баллов
AP002536,509,0.0441,toladi,Одобрено (скор 509). Положительные факторы: Срок кредита (мес): +15 баллов; Тип занятости: +11 баллов; Возраст: +8 баллов
AP002537,510,0.0439,toladi,Одобрено (скор 510). Положительные факторы: Медианный доход: +32 баллов; Срок кредита (мес): +11 баллов; Нестабильность дохода (CV): +7 баллов
AP002538,425,0.1303,defolt,Отказ (скор 425). Основные факторы: DTI (долг/доход): -22 баллов; Стаж работы (мес): -22 баллов; Медианный доход: -16 баллов
AP002539,491,0.0562,toladi,Одобрено (скор 491). Положительные факторы: DTI (долг/доход): +17 баллов; PTI (платёж/доход): +16 баллов; Тип занятости: +11 баллов
AP002540,430,0.1213,defolt,Отказ (скор 430). Основные факторы: Возраст: -24 баллов; Медианный доход: -16 баллов; Сумма/Доход: -11 баллов
AP002541,500,0.0502,toladi,Одобрено (скор 500). Положительные факторы: Возраст: +22 баллов; DTI (долг/доход): +17 баллов; PTI (платёж/доход): +15 баллов
AP002542,453,0.0915,toladi,Одобрено (скор 453). Положительные факторы: Срок кредита (мес): +15 баллов; Стаж работы (мес): +13 баллов; Тип занятости: +11 баллов
AP002543,441,0.106,defolt,Отказ (скор 441). Основные факторы: Срок кредита (мес): -22 баллов; DTI (долг/доход): -20 баллов; Медианный доход: -16 баллов
AP002544,453,0.0921,toladi,Одобрено (скор 453). Положительные факторы: PTI (платёж/доход): +12 баллов; Возраст: +11 баллов; Тип занятости: +11 баллов
AP002545,505,0.0469,toladi,Одобрено (скор 505). Положительные факторы: PTI (платёж/доход): +14 баллов; DTI (долг/доход): +12 баллов; Нестабильность дохода (CV): +7 баллов
AP002546,493,0.0547,toladi,Одобрено (скор 493). Положительные факторы: PTI (платёж/доход): +10 баллов; Стаж работы (мес): +9 баллов; Нестабильность дохода (CV): +8 баллов
AP002547,373,0.2349,defolt,Отказ (скор 373). Основные факторы: DTI (долг/доход): -26 баллов; Срок кредита (мес): -22 баллов; Медианный доход: -20 баллов
AP002548,416,0.144,defolt,Отказ (скор 416). Основные факторы: Стаж работы (мес): -27 баллов; Макс. просрочка (дн): -17 баллов; Медианный доход: -15 баллов
AP002549,254,0.6141,defolt,Отказ (скор 254). Основные факторы: DTI (долг/доход): -58 баллов; PTI (платёж/доход): -40 баллов; Макс. просрочка (дн): -40 баллов
AP002550,517,0.0397,toladi,Одобрено (скор 517). Положительные факторы: Стаж работы (мес): +20 баллов; DTI (долг/доход): +14 баллов; Срок кредита (мес): +11 баллов
AP002551,300,0.4573,defolt,Отказ (скор 300). Основные факторы: PTI (платёж/доход): -71 баллов; DTI (долг/доход): -64 баллов; Стаж работы (мес): -27 баллов
AP002552,494,0.0544,toladi,Одобрено (скор 494). Положительные факторы: DTI (долг/доход): +17 баллов; Тип занятости: +11 баллов; Срок кредита (мес): +11 баллов
AP002553,524,0.0363,toladi,Одобрено (скор 524). Положительные факторы: DTI (долг/доход): +17 баллов; Медианный доход: +15 баллов; PTI (платёж/доход): +13 баллов
AP002554,531,0.0333,toladi,Одобрено (скор 531). Положительные факторы: Срок кредита (мес): +15 баллов; Медианный доход: +14 баллов; DTI (долг/доход): +14 баллов
AP002555,548,0.0262,toladi,Одобрено (скор 548). Положительные факторы: Медианный доход: +38 баллов; DTI (долг/доход): +17 баллов; Срок кредита (мес): +15 баллов
AP002556,519,0.0386,toladi,Одобрено (скор 519). Положительные факторы: Медианный доход: +21 баллов; DTI (долг/доход): +15 баллов; PTI (платёж/доход): +15 баллов
AP002557,466,0.078,toladi,Одобрено (скор 466). Положительные факторы: DTI (долг/доход): +17 баллов; Возраст: +12 баллов
AP002558,468,0.0762,toladi,Одобрено (скор 468). Положительные факторы: Тип занятости: +11 баллов; PTI (платёж/доход): +10 баллов; Медианный доход: +7 баллов
AP002559,512,0.0429,toladi,Одобрено (скор 512). Положительные факторы: Медианный доход: +27 баллов; DTI (долг/доход): +17 баллов; PTI (платёж/доход): +16 баллов
AP002560,426,0.1276,defolt,Отказ (скор 426). Основные факторы: Возраст: -15 баллов; DTI (долг/доход): -14 баллов; Медианный доход: -12 баллов
AP002561,461,0.0829,toladi,Одобрено (скор 461). Положительные факторы: Медианный доход: +31 баллов; Сумма/Доход: +8 баллов
AP002562,532,0.0329,toladi,Одобрено (скор 532). Положительные факторы: DTI (долг/доход): +17 баллов; Тип занятости: +13 баллов; Стаж работы (мес): +13 баллов
AP002563,476,0.068,toladi,Одобрено (скор 476). Положительные факторы: DTI (долг/доход): +17 баллов; Тип занятости: +11 баллов; Срок кредита (мес): +11 баллов
AP002564,538,0.0302,toladi,Одобрено (скор 538). Положительные факторы: Стаж работы (мес): +21 баллов; DTI (долг/доход): +17 баллов; PTI (платёж/доход): +16 баллов
AP002565,600,0.0131,toladi,Одобрено (скор 600). Положительные факторы: Медианный доход: +50 баллов; Возраст: +23 баллов; Стаж работы (мес): +21 баллов
AP002566,477,0.0678,toladi,Одобрено (скор 477). Положительные факторы: DTI (долг/доход): +17 баллов; Тип занятости: +11 баллов; Срок кредита (мес): +11 баллов
AP002567,520,0.0384,toladi,Одобрено (скор 520). Положительные факторы: Стаж работы (мес): +24 баллов; Тип занятости: +11 баллов; Медианный доход: +8 баллов
AP002568,419,0.1393,defolt,Отказ (скор 419). Основные факторы: Стаж работы (мес): -27 баллов; Возраст: -22 баллов; Медианный доход: -18 баллов
AP002569,467,0.077,toladi,Одобрено (скор 467). Положительные факторы: DTI (долг/доход): +17 баллов; Срок кредита (мес): +15 баллов
AP002570,456,0.088,toladi,Одобрено (скор 456). Положительные факторы: Стаж работы (мес): +22 баллов; Тип занятости: +11 баллов
AP002571,504,0.0472,toladi,Одобрено (скор 504). Положительные факторы: Медианный доход: +27 баллов; DTI (долг/доход): +17 баллов; Срок кредита (мес): +15 баллов
AP002572,485,0.0605,toladi,Одобрено (скор 485). Положительные факторы: DTI (долг/доход): +17 баллов; Срок кредита (мес): +15 баллов; Стаж работы (мес): +13 баллов
AP002573,431,0.1198,defolt,Отказ (скор 431). Основные факторы: Возраст: -23 баллов; PTI (платёж/доход): -19 баллов; Медианный доход: -15 баллов
AP002574,463,0.0812,toladi,Одобрено (скор 463). Положительные факторы: Стаж работы (мес): +23 баллов; PTI (платёж/доход): +8 баллов
AP002575,518,0.0395,toladi,Одобрено (скор 518). Положительные факторы: Стаж работы (мес): +27 баллов; DTI (долг/доход): +17 баллов; PTI (платёж/доход): +11 баллов
AP002576,504,0.0473,toladi,Одобрено (скор 504). Положительные факторы: DTI (долг/доход): +17 баллов; PTI (платёж/доход): +14 баллов; Тип занятости: +13 баллов
AP002577,451,0.0941,toladi,Одобрено (скор 451). Положительные факторы: Стаж работы (мес): +23 баллов; Нестабильность дохода (CV): +8 баллов
AP002578,451,0.0942,toladi,Одобрено (скор 451). Положительные факторы: DTI (долг/доход): +17 баллов; PTI (платёж/доход): +15 баллов
AP002579,510,0.0436,toladi,Одобрено (скор 510). Положительные факторы: DTI (долг/доход): +17 баллов; Стаж работы (мес): +16 баллов; PTI (платёж/доход): +13 баллов
AP002580,571,0.0193,toladi,Одобрено (скор 571). Положительные факторы: Медианный доход: +34 баллов; Стаж работы (мес): +18 баллов; PTI (платёж/доход): +13 баллов
AP002581,502,0.0488,toladi,Одобрено (скор 502). Положительные факторы: DTI (долг/доход): +17 баллов; PTI (платёж/доход): +13 баллов; Возраст: +12 баллов
AP002582,486,0.06,toladi,Одобрено (скор 486). Положительные факторы: Стаж работы (мес): +21 баллов; Возраст: +20 баллов; Тип занятости: +11 баллов
AP002583,441,0.1068,defolt,Отказ (скор 441). Основные факторы: Стаж работы (мес): -19 баллов; Сумма/Доход: -17 баллов; PTI (платёж/доход): -12 баллов
AP002584,501,0.049,toladi,Одобрено (скор 501). Положительные факторы: Стаж работы (мес): +24 баллов; Нестабильность дохода (CV): +7 баллов; Тип занятости: +4 баллов
AP002585,457,0.0874,toladi,Одобрено (скор 457). Положительные факторы: Возраст: +15 баллов; Срок кредита (мес): +15 баллов
AP002586,512,0.0424,toladi,Одобрено (скор 512). Положительные факторы: Медианный доход: +37 баллов; Срок кредита (мес): +15 баллов; DTI (долг/доход): +11 баллов
AP002587,525,0.036,toladi,Одобрено (скор 525). Положительные факторы: DTI (долг/доход): +17 баллов; PTI (платёж/доход): +17 баллов; Возраст: +15 баллов
AP002588,583,0.0164,toladi,Одобрено (скор 583). Положительные факторы: Стаж работы (мес): +27 баллов; Медианный доход: +20 баллов; DTI (долг/доход): +17 баллов
AP002589,337,0.3365,defolt,Отказ (скор 337). Основные факторы: DTI (долг/доход): -65 баллов; Макс. просрочка (дн): -40 баллов; PTI (платёж/доход): -39 баллов
AP002590,466,0.0776,toladi,Одобрено (скор 466). Положительные факторы: DTI (долг/доход): +17 баллов; Срок кредита (мес): +15 баллов
AP002591,539,0.0298,toladi,Одобрено (скор 539). Положительные факторы: Стаж работы (мес): +19 баллов; DTI (долг/доход): +17 баллов; PTI (платёж/доход): +16 баллов
AP002592,557,0.0232,toladi,Одобрено (скор 557). Положительные факторы: Стаж работы (мес): +20 баллов; Медианный доход: +16 баллов; Возраст: +15 баллов
AP002593,417,0.1434,defolt,Отказ (скор 417). Основные факторы: DTI (долг/доход): -40 баллов; PTI (платёж/доход): -22 баллов; Стаж работы (мес): -19 баллов
AP002594,485,0.0611,toladi,Одобрено (скор 485). Положительные факторы: DTI (долг/доход): +17 баллов; Тип занятости: +11 баллов; Срок кредита (мес): +11 баллов
AP002595,533,0.0321,toladi,Одобрено (скор 533). Положительные факторы: Стаж работы (мес): +18 баллов; PTI (платёж/доход): +15 баллов; DTI (долг/доход): +15 баллов
AP002596,266,0.5731,defolt,Отказ (скор 266). Основные факторы: Тип занятости: -190 баллов; Стаж работы (мес): -28 баллов; Возраст: -16 баллов
AP002597,495,0.0532,toladi,Одобрено (скор 495). Положительные факторы: Тип занятости: +13 баллов; Возраст: +13 баллов; Стаж работы (мес): +11 баллов
AP002598,469,0.075,toladi,Одобрено (скор 469). Положительные факторы: DTI (долг/доход): +17 баллов; PTI (платёж/доход): +13 баллов; Тип занятости: +11 баллов
AP002599,458,0.0857,toladi,Одобрено (скор 458). Положительные факторы: DTI (долг/доход): +17 баллов; PTI (платёж/доход): +14 баллов
AP002600,488,0.0589,toladi,Одобрено (скор 488). Положительные факторы: Стаж работы (мес): +20 баллов; Срок кредита (мес): +11 баллов
AP002601,489,0.0577,toladi,Одобрено (скор 489). Положительные факторы: Возраст: +11 баллов; Срок кредита (мес): +11 баллов; Стаж работы (мес): +8 баллов
AP002602,487,0.0592,toladi,Одобрено (скор 487). Положительные факторы: PTI (платёж/доход): +11 баллов; Нестабильность дохода (CV): +8 баллов; DTI (долг/доход): +7 баллов
AP002603,249,0.6305,defolt,Отказ (скор 249). Основные факторы: DTI (долг/доход): -98 баллов; PTI (платёж/доход): -56 баллов; Срок кредита (мес): -22 баллов
AP002604,467,0.0769,toladi,Одобрено (скор 467). Положительные факторы: PTI (платёж/доход): +14 баллов; DTI (долг/доход): +12 баллов; Тип занятости: +11 баллов
AP002605,564,0.0212,toladi,Одобрено (скор 564). Положительные факторы: Медианный доход: +23 баллов; DTI (долг/доход): +17 баллов; PTI (платёж/доход): +16 баллов
AP002606,411,0.1526,defolt,Отказ (скор 411). Основные факторы: Медианный доход: -16 баллов; Возраст: -15 баллов; Стаж работы (мес): -14 баллов
AP002607,580,0.0172,toladi,Одобрено (скор 580). Положительные факторы: Медианный доход: +22 баллов; Возраст: +21 баллов; DTI (долг/доход): +17 баллов
AP002608,524,0.0366,toladi,Одобрено (скор 524). Положительные факторы: DTI (долг/доход): +17 баллов; PTI (платёж/доход): +16 баллов; Тип занятости: +13 баллов
AP002609,502,0.049,toladi,Одобрено (скор 502). Положительные факторы: DTI (долг/доход): +17 баллов; Срок кредита (мес): +15 баллов; Тип занятости: +11 баллов
AP002610,205,0.7575,defolt,Отказ (скор 205). Основные факторы: DTI (долг/доход): -121 баллов; PTI (платёж/доход): -78 баллов; Макс. просрочка (дн): -40 баллов
AP002611,451,0.0946,toladi,Одобрено (скор 451). Положительные факторы: Тип занятости: +11 баллов; DTI (долг/доход): +10 баллов
AP002612,228,0.696,defolt,Отказ (скор 228). Основные факторы: Тип занятости: -190 баллов; Стаж работы (мес): -28 баллов; Сумма/Доход: -20 баллов
AP002613,498,0.0515,toladi,Одобрено (скор 498). Положительные факторы: Возраст: +20 баллов; Срок кредита (мес): +15 баллов; Образование: +6 баллов
AP002614,534,0.0317,toladi,Одобрено (скор 534). Положительные факторы: Возраст: +15 баллов; Тип занятости: +13 баллов; PTI (платёж/доход): +12 баллов
AP002615,530,0.0334,toladi,Одобрено (скор 530). Положительные факторы: Возраст: +20 баллов; DTI (долг/доход): +17 баллов; Стаж работы (мес): +15 баллов
AP002616,489,0.0574,toladi,Одобрено (скор 489). Положительные факторы: DTI (долг/доход): +17 баллов; PTI (платёж/доход): +15 баллов; Тип занятости: +11 баллов
AP002617,444,0.1023,defolt,Отказ (скор 444). Основные факторы: Сумма/Доход: -31 баллов; Срок кредита (мес): -22 баллов; Возраст: -16 баллов
AP002618,463,0.0803,toladi,Одобрено (скор 463). Положительные факторы: DTI (долг/доход): +15 баллов; PTI (платёж/доход): +14 баллов; Возраст: +14 баллов
AP002619,453,0.0922,toladi,Одобрено (скор 453). Положительные факторы: DTI (долг/доход): +17 баллов; Стаж работы (мес): +14 баллов
AP002620,289,0.4952,defolt,Отказ (скор 289). Основные факторы: Тип занятости: -190 баллов; Стаж работы (мес): -28 баллов; Медианный доход: -15 баллов
AP002621,478,0.0665,toladi,Одобрено (скор 478). Положительные факторы: DTI (долг/доход): +17 баллов; PTI (платёж/доход): +16 баллов; Тип занятости: +11 баллов
AP002622,481,0.0641,toladi,Одобрено (скор 481). Положительные факторы: Стаж работы (мес): +27 баллов; DTI (долг/доход): +14 баллов
AP002623,553,0.0246,toladi,Одобрено (скор 553). Положительные факторы: Медианный доход: +61 баллов; DTI (долг/доход): +17 баллов; PTI (платёж/доход): +16 баллов
AP002624,502,0.0489,toladi,Одобрено (скор 502). Положительные факторы: Стаж работы (мес): +21 баллов; Медианный доход: +10 баллов; Нестабильность дохода (CV): +7 баллов
AP002625,494,0.0539,toladi,Одобрено (скор 494). Положительные факторы: DTI (долг/доход): +17 баллов; PTI (платёж/доход): +14 баллов; Тип занятости: +13 баллов
AP002626,513,0.0423,toladi,Одобрено (скор 513). Положительные факторы: Возраст: +20 баллов; DTI (долг/доход): +17 баллов; PTI (платёж/доход): +15 баллов
AP002627,500,0.0497,toladi,Одобрено (скор 500). Положительные факторы: DTI (долг/доход): +17 баллов; PTI (платёж/доход): +14 баллов; Тип занятости: +11 баллов
AP002628,511,0.0432,toladi,Одобрено (скор 511). Положительные факторы: DTI (долг/доход): +17 баллов; PTI (платёж/доход): +16 баллов; Медианный доход: +15 баллов
AP002629,346,0.3079,defolt,Отказ (скор 346). Основные факторы: PTI (платёж/доход): -50 баллов; DTI (долг/доход): -37 баллов; Сумма/Доход: -36 баллов
AP002630,530,0.0334,toladi,Одобрено (скор 530). Положительные факторы: Стаж работы (мес): +25 баллов; DTI (долг/доход): +17 баллов; Срок кредита (мес): +15 баллов
AP002631,247,0.6361,defolt,Отказ (скор 247). Основные факторы: Тип занятости: -190 баллов; Стаж работы (мес): -28 баллов; Срок кредита (мес): -22 баллов
AP002632,495,0.0534,toladi,Одобрено (скор 495). Положительные факторы: Возраст: +21 баллов; PTI (платёж/доход): +12 баллов; Тип занятости: +11 баллов
AP002633,177,0.8215,defolt,Отказ (скор 177). Основные факторы: DTI (долг/доход): -138 баллов; PTI (платёж/доход): -79 баллов; Срок кредита (мес): -22 баллов
AP002634,475,0.0691,toladi,Одобрено (скор 475). Положительные факторы: Медианный доход: +18 баллов; Стаж работы (мес): +18 баллов; Тип занятости: +13 баллов
AP002635,453,0.0917,toladi,Одобрено (скор 453). Положительные факторы: Срок кредита (мес): +15 баллов; Образование: +6 баллов
AP002636,515,0.0408,toladi,Одобрено (скор 515). Положительные факторы: Стаж работы (мес): +16 баллов; Возраст: +15 баллов; Нестабильность дохода (CV): +8 баллов
AP002637,560,0.0223,toladi,Одобрено (скор 560). Положительные факторы: Стаж работы (мес): +27 баллов; Возраст: +21 баллов; DTI (долг/доход): +17 баллов
AP002638,450,0.095,toladi,Одобрено (скор 450). Положительные факторы: DTI (долг/доход): +12 баллов; PTI (платёж/доход): +12 баллов; Стаж работы (мес): +10 баллов
AP002639,502,0.0485,toladi,Одобрено (скор 502). Положительные факторы: Стаж работы (мес): +14 баллов; PTI (платёж/доход): +12 баллов; Тип занятости: +11 баллов
AP002640,454,0.0903,toladi,Одобрено (скор 454). Положительные факторы: DTI (долг/доход): +12 баллов; PTI (платёж/доход): +12 баллов
AP002641,492,0.0559,toladi,Одобрено (скор 492). Положительные факторы: DTI (долг/доход): +12 баллов; Тип занятости: +11 баллов; PTI (платёж/доход): +10 баллов
AP002642,499,0.0506,toladi,Одобрено (скор 499). Положительные факторы: Медианный доход: +19 баллов; Тип занятости: +11 баллов; PTI (платёж/доход): +7 баллов
AP002643,479,0.0658,toladi,Одобрено (скор 479). Положительные факторы: DTI (долг/доход): +17 баллов; PTI (платёж/доход): +10 баллов; Нестабильность дохода (CV): +8 баллов
AP002644,523,0.0368,toladi,Одобрено (скор 523). Положительные факторы: Стаж работы (мес): +26 баллов; DTI (долг/доход): +17 баллов; PTI (платёж/доход): +16 баллов
AP002645,557,0.0232,toladi,Одобрено (скор 557). Положительные факторы: Медианный доход: +34 баллов; Тип занятости: +13 баллов; PTI (платёж/доход): +12 баллов
AP002646,454,0.0906,toladi,Одобрено (скор 454). Положительные факторы: DTI (долг/доход): +17 баллов; PTI (платёж/доход): +14 баллов
AP002647,329,0.3604,defolt,Отказ (скор 329). Основные факторы: PTI (платёж/доход): -79 баллов; DTI (долг/доход): -60 баллов; Возраст: -22 баллов
AP002648,548,0.0265,toladi,Одобрено (скор 548). Положительные факторы: DTI (долг/доход): +17 баллов; PTI (платёж/доход): +14 баллов; Тип занятости: +13 баллов
AP002649,448,0.0983,defolt,Отказ (скор 448). Основные факторы: Сумма/Доход: -36 баллов; PTI (платёж/доход): -17 баллов
AP002650,519,0.0391,toladi,Одобрено (скор 519). Положительные факторы: Стаж работы (мес): +24 баллов; Возраст: +16 баллов; Срок кредита (мес): +15 баллов
AP002651,433,0.1175,defolt,Отказ (скор 433). Основные факторы: Нестабильность дохода (CV): -20 баллов; Стаж работы (мес): -17 баллов; Возраст: -11 баллов
AP002652,486,0.0602,toladi,Одобрено (скор 486). Положительные факторы: DTI (долг/доход): +17 баллов; Срок кредита (мес): +15 баллов
AP002653,513,0.0423,toladi,Одобрено (скор 513). Положительные факторы: Возраст: +14 баллов; PTI (платёж/доход): +10 баллов; DTI (долг/доход): +8 баллов
AP002654,518,0.0391,toladi,Одобрено (скор 518). Положительные факторы: DTI (долг/доход): +17 баллов; Стаж работы (мес): +15 баллов; Тип занятости: +11 баллов
AP002655,533,0.0323,toladi,Одобрено (скор 533). Положительные факторы: Медианный доход: +28 баллов; DTI (долг/доход): +17 баллов; PTI (платёж/доход): +16 баллов
AP002656,376,0.2277,defolt,Отказ (скор 376). Основные факторы: DTI (долг/доход): -52 баллов; PTI (платёж/доход): -27 баллов; Срок кредита (мес): -22 баллов
AP002657,501,0.049,toladi,Одобрено (скор 501). Положительные факторы: PTI (платёж/доход): +12 баллов; Тип занятости: +11 баллов; DTI (долг/доход): +11 баллов
AP002658,501,0.0493,toladi,Одобрено (скор 501). Положительные факторы: Медианный доход: +19 баллов; Тип занятости: +11 баллов; Стаж работы (мес): +10 баллов
AP002659,433,0.1179,defolt,Отказ (скор 433). Основные факторы: Макс. просрочка (дн): -40 баллов; Стаж работы (мес): -19 баллов
AP002660,474,0.0705,toladi,Одобрено (скор 474). Положительные факторы: DTI (долг/доход): +17 баллов; Срок кредита (мес): +15 баллов; Тип занятости: +13 баллов
AP002661,512,0.0429,toladi,Одобрено (скор 512). Положительные факторы: DTI (долг/доход): +17 баллов; PTI (платёж/доход): +15 баллов; Возраст: +14 баллов
AP002662,557,0.0234,toladi,Одобрено (скор 557). Положительные факторы: Медианный доход: +22 баллов; DTI (долг/доход): +17 баллов; PTI (платёж/доход): +12 баллов
AP002663,548,0.0262,toladi,Одобрено (скор 548). Положительные факторы: DTI (долг/доход): +17 баллов; Срок кредита (мес): +15 баллов; PTI (платёж/доход): +12 баллов
AP002664,523,0.0367,toladi,Одобрено (скор 523). Положительные факторы: Медианный доход: +45 баллов; Тип занятости: +11 баллов; PTI (платёж/доход): +10 баллов
AP002665,450,0.0947,toladi,Одобрено (скор 450). Положительные факторы: Тип занятости: +13 баллов; Нестабильность дохода (CV): +8 баллов
AP002666,526,0.0356,toladi,Одобрено (скор 526). Положительные факторы: Медианный доход: +21 баллов; PTI (платёж/доход): +15 баллов; DTI (долг/доход): +14 баллов
AP002667,474,0.0698,toladi,Одобрено (скор 474). Положительные факторы: Нестабильность дохода (CV): +8 баллов; PTI (платёж/доход): +7 баллов
AP002668,508,0.0451,toladi,Одобрено (скор 508). Положительные факторы: Стаж работы (мес): +25 баллов; PTI (платёж/доход): +14 баллов; DTI (долг/доход): +13 баллов
AP002669,508,0.045,toladi,Одобрено (скор 508). Положительные факторы: Стаж работы (мес): +18 баллов; DTI (долг/доход): +17 баллов; PTI (платёж/доход): +16 баллов
AP002670,550,0.0257,toladi,Одобрено (скор 550). Положительные факторы: Стаж работы (мес): +21 баллов; Тип занятости: +11 баллов; PTI (платёж/доход): +11 баллов
AP002671,463,0.0808,toladi,Одобрено (скор 463). Положительные факторы: DTI (долг/доход): +15 баллов; Срок кредита (мес): +11 баллов
AP002672,455,0.0898,toladi,Одобрено (скор 455). Положительные факторы: Тип занятости: +13 баллов; Возраст: +8 баллов
AP002673,273,0.5497,defolt,Отказ (скор 273). Основные факторы: Тип занятости: -190 баллов; Стаж работы (мес): -28 баллов; Срок кредита (мес): -22 баллов
AP002674,495,0.0534,toladi,Одобрено (скор 495). Положительные факторы: Возраст: +13 баллов; PTI (платёж/доход): +11 баллов; Нестабильность дохода (CV): +7 баллов
AP002675,518,0.0391,toladi,Одобрено (скор 518). Положительные факторы: PTI (платёж/доход): +17 баллов; DTI (долг/доход): +17 баллов; Возраст: +13 баллов
AP002676,451,0.0945,toladi,Одобрено (скор 451). Положительные факторы: Тип занятости: +11 баллов; Возраст: +10 баллов
AP002677,507,0.0454,toladi,Одобрено (скор 507). Положительные факторы: Возраст: +20 баллов; DTI (долг/доход): +17 баллов; Срок кредита (мес): +15 баллов
AP002678,276,0.5411,defolt,Отказ (скор 276). Основные факторы: DTI (долг/доход): -138 баллов; PTI (платёж/доход): -79 баллов; Медианный доход: -18 баллов
AP002679,393,0.1886,defolt,Отказ (скор 393). Основные факторы: Макс. просрочка (дн): -40 баллов; Возраст: -24 баллов; Нестабильность дохода (CV): -20 баллов
AP002680,438,0.1103,defolt,Отказ (скор 438). Основные факторы: Макс. просрочка (дн): -40 баллов; Возраст: -20 баллов; Стаж работы (мес): -19 баллов
AP002681,584,0.0163,toladi,Одобрено (скор 584). Положительные факторы: Стаж работы (мес): +28 баллов; DTI (долг/доход): +16 баллов; Медианный доход: +15 баллов
AP002682,460,0.084,toladi,Одобрено (скор 460). Положительные факторы: Нестабильность дохода (CV): +8 баллов; Образование: +6 баллов; Сумма/Доход: +6 баллов
AP002683,470,0.0735,toladi,Одобрено (скор 470). Положительные факторы: DTI (долг/доход): +17 баллов; PTI (платёж/доход): +9 баллов; Возраст: +8 баллов
AP002684,311,0.4199,defolt,Отказ (скор 311). Основные факторы: DTI (долг/доход): -68 баллов; PTI (платёж/доход): -39 баллов; Срок кредита (мес): -22 баллов
AP002685,534,0.0319,toladi,Одобрено (скор 534). Положительные факторы: DTI (долг/доход): +17 баллов; PTI (платёж/доход): +14 баллов; Срок кредита (мес): +11 баллов
AP002686,443,0.1043,defolt,Отказ (скор 443). Основные факторы: PTI (платёж/доход): -39 баллов; DTI (долг/доход): -30 баллов
AP002687,385,0.206,defolt,Отказ (скор 385). Основные факторы: DTI (долг/доход): -47 баллов; PTI (платёж/доход): -25 баллов; Макс. просрочка (дн): -17 баллов
AP002688,220,0.7177,defolt,Отказ (скор 220). Основные факторы: Тип занятости: -190 баллов; Стаж работы (мес): -28 баллов; Срок кредита (мес): -22 баллов
AP002689,562,0.0217,toladi,Одобрено (скор 562). Положительные факторы: DTI (долг/доход): +17 баллов; Срок кредита (мес): +15 баллов; Стаж работы (мес): +14 баллов
AP002690,461,0.0824,toladi,Одобрено (скор 461). Положительные факторы: Тип занятости: +13 баллов; PTI (платёж/доход): +13 баллов; DTI (долг/доход): +13 баллов
AP002691,510,0.0438,toladi,Одобрено (скор 510). Положительные факторы: DTI (долг/доход): +17 баллов; PTI (платёж/доход): +15 баллов; Тип занятости: +13 баллов
AP002692,558,0.0229,toladi,Одобрено (скор 558). Положительные факторы: Стаж работы (мес): +23 баллов; DTI (долг/доход): +17 баллов; PTI (платёж/доход): +16 баллов
AP002693,463,0.0804,toladi,Одобрено (скор 463). Положительные факторы: DTI (долг/доход): +17 баллов; PTI (платёж/доход): +15 баллов; Тип занятости: +11 баллов
AP002694,529,0.0342,toladi,Одобрено (скор 529). Положительные факторы: Медианный доход: +30 баллов; Стаж работы (мес): +24 баллов; PTI (платёж/доход): +14 баллов
AP002695,466,0.0779,toladi,Одобрено (скор 466). Положительные факторы: DTI (долг/доход): +16 баллов; PTI (платёж/доход): +16 баллов; Медианный доход: +9 баллов
AP002696,557,0.0233,toladi,Одобрено (скор 557). Положительные факторы: DTI (долг/доход): +17 баллов; PTI (платёж/доход): +16 баллов; Срок кредита (мес): +15 баллов
AP002697,523,0.037,toladi,Одобрено (скор 523). Положительные факторы: Стаж работы (мес): +22 баллов; DTI (долг/доход): +17 баллов; PTI (платёж/доход): +13 баллов
AP002698,214,0.7341,defolt,Отказ (скор 214). Основные факторы: DTI (долг/доход): -128 баллов; PTI (платёж/доход): -79 баллов; Макс. просрочка (дн): -40 баллов
AP002699,593,0.0143,toladi,Одобрено (скор 593). Положительные факторы: Медианный доход: +27 баллов; DTI (долг/доход): +16 баллов; PTI (платёж/доход): +15 баллов
AP002700,382,0.2131,defolt,Отказ (скор 382). Основные факторы: DTI (долг/доход): -24 баллов; Стаж работы (мес): -18 баллов; Сумма/Доход: -17 баллов
